key's position 	 keyguess 	 maxabscpa
0 	 0 	 0.277493 
0 	 1 	 0.242460 
0 	 2 	 0.181958 
0 	 3 	 0.140096 
0 	 4 	 0.141667 
0 	 5 	 0.166862 
0 	 6 	 0.181744 
0 	 7 	 0.145994 
0 	 8 	 0.162242 
0 	 9 	 0.234740 
0 	 10 	 0.194367 
0 	 11 	 0.151629 
0 	 12 	 0.141543 
0 	 13 	 0.163009 
0 	 14 	 0.153882 
0 	 15 	 0.134766 
0 	 16 	 0.130109 
0 	 17 	 0.215762 
0 	 18 	 0.171350 
0 	 19 	 0.135234 
0 	 20 	 0.142999 
0 	 21 	 0.207503 
0 	 22 	 0.193927 
0 	 23 	 0.191047 
0 	 24 	 0.136473 
0 	 25 	 0.199779 
0 	 26 	 0.141909 
0 	 27 	 0.204502 
0 	 28 	 0.142398 
0 	 29 	 0.135337 
0 	 30 	 0.182949 
0 	 31 	 0.184791 
0 	 32 	 0.192736 
0 	 33 	 0.151272 
0 	 34 	 0.155018 
0 	 35 	 0.166756 
0 	 36 	 0.175554 
0 	 37 	 0.193471 
0 	 38 	 0.154589 
0 	 39 	 0.121427 
0 	 40 	 0.148532 
0 	 41 	 0.226554 
0 	 42 	 0.119648 
0 	 43 	 0.127117 
0 	 44 	 0.154826 
0 	 45 	 0.157055 
0 	 46 	 0.146062 
0 	 47 	 0.211725 
0 	 48 	 0.176799 
0 	 49 	 0.167116 
0 	 50 	 0.141194 
0 	 51 	 0.173664 
0 	 52 	 0.170280 
0 	 53 	 0.149379 
0 	 54 	 0.130103 
0 	 55 	 0.153102 
0 	 56 	 0.152172 
0 	 57 	 0.118443 
0 	 58 	 0.176032 
0 	 59 	 0.165832 
0 	 60 	 0.164646 
0 	 61 	 0.226313 
0 	 62 	 0.122406 
0 	 63 	 0.178897 
0 	 64 	 0.201095 
0 	 65 	 0.195516 
0 	 66 	 0.158640 
0 	 67 	 0.183685 
0 	 68 	 0.141825 
0 	 69 	 0.149073 
0 	 70 	 0.122780 
0 	 71 	 0.182523 
0 	 72 	 0.140366 
0 	 73 	 0.139335 
0 	 74 	 0.132995 
0 	 75 	 0.251667 
0 	 76 	 0.148293 
0 	 77 	 0.136476 
0 	 78 	 0.113599 
0 	 79 	 0.153641 
0 	 80 	 0.118017 
0 	 81 	 0.148367 
0 	 82 	 0.170440 
0 	 83 	 0.161789 
0 	 84 	 0.173479 
0 	 85 	 0.121343 
0 	 86 	 0.151370 
0 	 87 	 0.139564 
0 	 88 	 0.160122 
0 	 89 	 0.155833 
0 	 90 	 0.114650 
0 	 91 	 0.123590 
0 	 92 	 0.142264 
0 	 93 	 0.156365 
0 	 94 	 0.181673 
0 	 95 	 0.221791 
0 	 96 	 0.254793 
0 	 97 	 0.247139 
0 	 98 	 0.158208 
0 	 99 	 0.162976 
0 	 100 	 0.196662 
0 	 101 	 0.162883 
0 	 102 	 0.154301 
0 	 103 	 0.152919 
0 	 104 	 0.134623 
0 	 105 	 0.151900 
0 	 106 	 0.153593 
0 	 107 	 0.142136 
0 	 108 	 0.168580 
0 	 109 	 0.195039 
0 	 110 	 0.186347 
0 	 111 	 0.160111 
0 	 112 	 0.199060 
0 	 113 	 0.157482 
0 	 114 	 0.166203 
0 	 115 	 0.200421 
0 	 116 	 0.151497 
0 	 117 	 0.163007 
0 	 118 	 0.156474 
0 	 119 	 0.199566 
0 	 120 	 0.180913 
0 	 121 	 0.202484 
0 	 122 	 0.128323 
0 	 123 	 0.132129 
0 	 124 	 0.215954 
0 	 125 	 0.162781 
0 	 126 	 0.242823 
0 	 127 	 0.166072 
0 	 128 	 0.178931 
0 	 129 	 0.125478 
0 	 130 	 0.155339 
0 	 131 	 0.149265 
0 	 132 	 0.191698 
0 	 133 	 0.145425 
0 	 134 	 0.126973 
0 	 135 	 0.152164 
0 	 136 	 0.140968 
0 	 137 	 0.149697 
0 	 138 	 0.145402 
0 	 139 	 0.188944 
0 	 140 	 0.196720 
0 	 141 	 0.134991 
0 	 142 	 0.168509 
0 	 143 	 0.157875 
0 	 144 	 0.168129 
0 	 145 	 0.153424 
0 	 146 	 0.152603 
0 	 147 	 0.159196 
0 	 148 	 0.189209 
0 	 149 	 0.148239 
0 	 150 	 0.128156 
0 	 151 	 0.111534 
0 	 152 	 0.136346 
0 	 153 	 0.187186 
0 	 154 	 0.137695 
0 	 155 	 0.124925 
0 	 156 	 0.147501 
0 	 157 	 0.133770 
0 	 158 	 0.135562 
0 	 159 	 0.161945 
0 	 160 	 0.145711 
0 	 161 	 0.127537 
0 	 162 	 0.127468 
0 	 163 	 0.148665 
0 	 164 	 0.144139 
0 	 165 	 0.148680 
0 	 166 	 0.163972 
0 	 167 	 0.182601 
0 	 168 	 0.116837 
0 	 169 	 0.158788 
0 	 170 	 0.159573 
0 	 171 	 0.144114 
0 	 172 	 0.150258 
0 	 173 	 0.117458 
0 	 174 	 0.156113 
0 	 175 	 0.142534 
0 	 176 	 0.157894 
0 	 177 	 0.135323 
0 	 178 	 0.204356 
0 	 179 	 0.143801 
0 	 180 	 0.172072 
0 	 181 	 0.175348 
0 	 182 	 0.153281 
0 	 183 	 0.179344 
0 	 184 	 0.151283 
0 	 185 	 0.218331 
0 	 186 	 0.216339 
0 	 187 	 0.131111 
0 	 188 	 0.170830 
0 	 189 	 0.156952 
0 	 190 	 0.211795 
0 	 191 	 0.136884 
0 	 192 	 0.145051 
0 	 193 	 0.151096 
0 	 194 	 0.128273 
0 	 195 	 0.148494 
0 	 196 	 0.165611 
0 	 197 	 0.159920 
0 	 198 	 0.145994 
0 	 199 	 0.131155 
0 	 200 	 0.148205 
0 	 201 	 0.140737 
0 	 202 	 0.233511 
0 	 203 	 0.201959 
0 	 204 	 0.129197 
0 	 205 	 0.133907 
0 	 206 	 0.129694 
0 	 207 	 0.142483 
0 	 208 	 0.132385 
0 	 209 	 0.130463 
0 	 210 	 0.173159 
0 	 211 	 0.164911 
0 	 212 	 0.171183 
0 	 213 	 0.143239 
0 	 214 	 0.203235 
0 	 215 	 0.183519 
0 	 216 	 0.136856 
0 	 217 	 0.162085 
0 	 218 	 0.182922 
0 	 219 	 0.115754 
0 	 220 	 0.164298 
0 	 221 	 0.229612 
0 	 222 	 0.153294 
0 	 223 	 0.155390 
0 	 224 	 0.148571 
0 	 225 	 0.132417 
0 	 226 	 0.205022 
0 	 227 	 0.129598 
0 	 228 	 0.204038 
0 	 229 	 0.151085 
0 	 230 	 0.133595 
0 	 231 	 0.125577 
0 	 232 	 0.164086 
0 	 233 	 0.136950 
0 	 234 	 0.182623 
0 	 235 	 0.154549 
0 	 236 	 0.197298 
0 	 237 	 0.128116 
0 	 238 	 0.165764 
0 	 239 	 0.134448 
0 	 240 	 0.193147 
0 	 241 	 0.180627 
0 	 242 	 0.134536 
0 	 243 	 0.128561 
0 	 244 	 0.129742 
0 	 245 	 0.143595 
0 	 246 	 0.164660 
0 	 247 	 0.127042 
0 	 248 	 0.152047 
0 	 249 	 0.125804 
0 	 250 	 0.149710 
0 	 251 	 0.183388 
0 	 252 	 0.161475 
0 	 253 	 0.222790 
0 	 254 	 0.131942 
0 	 255 	 0.167432 
1 	 0 	 0.171314 
1 	 1 	 0.159078 
1 	 2 	 0.142603 
1 	 3 	 0.147860 
1 	 4 	 0.177331 
1 	 5 	 0.164037 
1 	 6 	 0.152213 
1 	 7 	 0.229950 
1 	 8 	 0.193388 
1 	 9 	 0.152947 
1 	 10 	 0.140206 
1 	 11 	 0.158121 
1 	 12 	 0.149318 
1 	 13 	 0.155239 
1 	 14 	 0.128516 
1 	 15 	 0.140295 
1 	 16 	 0.660940 
1 	 17 	 0.732030 
1 	 18 	 0.177052 
1 	 19 	 0.203751 
1 	 20 	 0.139975 
1 	 21 	 0.211669 
1 	 22 	 0.134818 
1 	 23 	 0.158188 
1 	 24 	 0.209463 
1 	 25 	 0.175455 
1 	 26 	 0.190773 
1 	 27 	 0.141178 
1 	 28 	 0.147373 
1 	 29 	 0.136000 
1 	 30 	 0.243018 
1 	 31 	 0.129914 
1 	 32 	 0.136615 
1 	 33 	 0.195576 
1 	 34 	 0.160426 
1 	 35 	 0.159941 
1 	 36 	 0.173930 
1 	 37 	 0.131376 
1 	 38 	 0.150789 
1 	 39 	 0.133829 
1 	 40 	 0.149597 
1 	 41 	 0.139190 
1 	 42 	 0.166047 
1 	 43 	 0.142746 
1 	 44 	 0.199035 
1 	 45 	 0.145512 
1 	 46 	 0.179104 
1 	 47 	 0.175483 
1 	 48 	 0.172668 
1 	 49 	 0.160459 
1 	 50 	 0.159265 
1 	 51 	 0.156253 
1 	 52 	 0.127578 
1 	 53 	 0.173187 
1 	 54 	 0.242790 
1 	 55 	 0.249464 
1 	 56 	 0.149933 
1 	 57 	 0.169835 
1 	 58 	 0.146052 
1 	 59 	 0.161161 
1 	 60 	 0.184237 
1 	 61 	 0.154393 
1 	 62 	 0.172091 
1 	 63 	 0.163147 
1 	 64 	 0.154736 
1 	 65 	 0.217828 
1 	 66 	 0.149996 
1 	 67 	 0.149659 
1 	 68 	 0.147049 
1 	 69 	 0.192993 
1 	 70 	 0.176573 
1 	 71 	 0.181634 
1 	 72 	 0.169111 
1 	 73 	 0.153680 
1 	 74 	 0.169093 
1 	 75 	 0.149331 
1 	 76 	 0.168088 
1 	 77 	 0.162540 
1 	 78 	 0.153452 
1 	 79 	 0.160034 
1 	 80 	 0.138623 
1 	 81 	 0.229418 
1 	 82 	 0.192099 
1 	 83 	 0.149011 
1 	 84 	 0.187147 
1 	 85 	 0.139446 
1 	 86 	 0.189084 
1 	 87 	 0.109834 
1 	 88 	 0.223555 
1 	 89 	 0.154412 
1 	 90 	 0.207644 
1 	 91 	 0.188763 
1 	 92 	 0.268658 
1 	 93 	 0.169723 
1 	 94 	 0.188519 
1 	 95 	 0.150510 
1 	 96 	 0.150991 
1 	 97 	 0.200812 
1 	 98 	 0.153695 
1 	 99 	 0.192654 
1 	 100 	 0.200636 
1 	 101 	 0.177551 
1 	 102 	 0.156686 
1 	 103 	 0.174178 
1 	 104 	 0.157910 
1 	 105 	 0.148195 
1 	 106 	 0.181551 
1 	 107 	 0.146541 
1 	 108 	 0.144458 
1 	 109 	 0.136778 
1 	 110 	 0.158616 
1 	 111 	 0.165199 
1 	 112 	 0.170541 
1 	 113 	 0.134057 
1 	 114 	 0.128497 
1 	 115 	 0.165682 
1 	 116 	 0.194110 
1 	 117 	 0.160896 
1 	 118 	 0.167005 
1 	 119 	 0.144762 
1 	 120 	 0.154404 
1 	 121 	 0.192370 
1 	 122 	 0.179271 
1 	 123 	 0.141902 
1 	 124 	 0.185096 
1 	 125 	 0.175731 
1 	 126 	 0.201439 
1 	 127 	 0.142172 
1 	 128 	 0.158962 
1 	 129 	 0.220492 
1 	 130 	 0.132008 
1 	 131 	 0.207662 
1 	 132 	 0.156579 
1 	 133 	 0.196273 
1 	 134 	 0.147396 
1 	 135 	 0.148602 
1 	 136 	 0.186580 
1 	 137 	 0.166277 
1 	 138 	 0.191764 
1 	 139 	 0.155945 
1 	 140 	 0.161718 
1 	 141 	 0.237583 
1 	 142 	 0.181016 
1 	 143 	 0.130997 
1 	 144 	 0.134611 
1 	 145 	 0.124606 
1 	 146 	 0.205700 
1 	 147 	 0.168886 
1 	 148 	 0.143998 
1 	 149 	 0.267664 
1 	 150 	 0.167172 
1 	 151 	 0.160993 
1 	 152 	 0.172964 
1 	 153 	 0.160195 
1 	 154 	 0.180553 
1 	 155 	 0.155075 
1 	 156 	 0.145611 
1 	 157 	 0.153171 
1 	 158 	 0.195338 
1 	 159 	 0.171640 
1 	 160 	 0.160128 
1 	 161 	 0.166699 
1 	 162 	 0.157656 
1 	 163 	 0.198628 
1 	 164 	 0.182355 
1 	 165 	 0.203751 
1 	 166 	 0.167794 
1 	 167 	 0.257844 
1 	 168 	 0.171630 
1 	 169 	 0.170940 
1 	 170 	 0.156376 
1 	 171 	 0.164441 
1 	 172 	 0.189510 
1 	 173 	 0.154944 
1 	 174 	 0.171214 
1 	 175 	 0.164578 
1 	 176 	 0.139139 
1 	 177 	 0.144998 
1 	 178 	 0.151998 
1 	 179 	 0.168637 
1 	 180 	 0.136369 
1 	 181 	 0.153602 
1 	 182 	 0.291821 
1 	 183 	 0.158834 
1 	 184 	 0.154611 
1 	 185 	 0.133589 
1 	 186 	 0.234937 
1 	 187 	 0.215635 
1 	 188 	 0.172348 
1 	 189 	 0.196147 
1 	 190 	 0.168614 
1 	 191 	 0.131469 
1 	 192 	 0.133255 
1 	 193 	 0.212683 
1 	 194 	 0.171405 
1 	 195 	 0.188037 
1 	 196 	 0.157169 
1 	 197 	 0.171333 
1 	 198 	 0.161560 
1 	 199 	 0.163241 
1 	 200 	 0.202041 
1 	 201 	 0.142741 
1 	 202 	 0.184763 
1 	 203 	 0.160421 
1 	 204 	 0.182961 
1 	 205 	 0.211577 
1 	 206 	 0.174296 
1 	 207 	 0.131129 
1 	 208 	 0.175347 
1 	 209 	 0.130733 
1 	 210 	 0.160046 
1 	 211 	 0.145439 
1 	 212 	 0.154646 
1 	 213 	 0.187663 
1 	 214 	 0.123507 
1 	 215 	 0.175514 
1 	 216 	 0.165896 
1 	 217 	 0.133727 
1 	 218 	 0.136677 
1 	 219 	 0.147012 
1 	 220 	 0.137917 
1 	 221 	 0.133771 
1 	 222 	 0.113734 
1 	 223 	 0.142307 
1 	 224 	 0.232281 
1 	 225 	 0.186348 
1 	 226 	 0.133438 
1 	 227 	 0.199924 
1 	 228 	 0.145406 
1 	 229 	 0.240126 
1 	 230 	 0.139736 
1 	 231 	 0.189094 
1 	 232 	 0.127652 
1 	 233 	 0.145814 
1 	 234 	 0.159289 
1 	 235 	 0.145408 
1 	 236 	 0.169419 
1 	 237 	 0.168254 
1 	 238 	 0.164148 
1 	 239 	 0.179641 
1 	 240 	 0.162680 
1 	 241 	 0.185089 
1 	 242 	 0.143810 
1 	 243 	 0.159206 
1 	 244 	 0.130028 
1 	 245 	 0.143224 
1 	 246 	 0.195388 
1 	 247 	 0.192059 
1 	 248 	 0.138778 
1 	 249 	 0.213864 
1 	 250 	 0.222028 
1 	 251 	 0.141822 
1 	 252 	 0.203363 
1 	 253 	 0.154391 
1 	 254 	 0.185078 
1 	 255 	 0.123294 
2 	 0 	 0.150850 
2 	 1 	 0.149872 
2 	 2 	 0.140444 
2 	 3 	 0.128786 
2 	 4 	 0.191819 
2 	 5 	 0.186917 
2 	 6 	 0.165498 
2 	 7 	 0.155058 
2 	 8 	 0.222281 
2 	 9 	 0.202386 
2 	 10 	 0.126484 
2 	 11 	 0.135157 
2 	 12 	 0.171831 
2 	 13 	 0.190188 
2 	 14 	 0.170783 
2 	 15 	 0.150437 
2 	 16 	 0.164139 
2 	 17 	 0.224370 
2 	 18 	 0.177582 
2 	 19 	 0.144849 
2 	 20 	 0.154929 
2 	 21 	 0.249897 
2 	 22 	 0.129429 
2 	 23 	 0.184937 
2 	 24 	 0.148023 
2 	 25 	 0.180245 
2 	 26 	 0.196411 
2 	 27 	 0.148229 
2 	 28 	 0.145133 
2 	 29 	 0.210105 
2 	 30 	 0.132812 
2 	 31 	 0.170555 
2 	 32 	 0.148660 
2 	 33 	 0.151272 
2 	 34 	 0.682122 
2 	 35 	 0.623508 
2 	 36 	 0.249577 
2 	 37 	 0.146296 
2 	 38 	 0.176656 
2 	 39 	 0.153743 
2 	 40 	 0.233755 
2 	 41 	 0.175527 
2 	 42 	 0.269389 
2 	 43 	 0.222056 
2 	 44 	 0.140440 
2 	 45 	 0.180482 
2 	 46 	 0.130283 
2 	 47 	 0.130182 
2 	 48 	 0.170159 
2 	 49 	 0.229038 
2 	 50 	 0.213605 
2 	 51 	 0.234477 
2 	 52 	 0.209105 
2 	 53 	 0.175214 
2 	 54 	 0.154726 
2 	 55 	 0.285776 
2 	 56 	 0.139356 
2 	 57 	 0.155120 
2 	 58 	 0.135926 
2 	 59 	 0.153127 
2 	 60 	 0.149667 
2 	 61 	 0.191243 
2 	 62 	 0.162776 
2 	 63 	 0.213644 
2 	 64 	 0.156636 
2 	 65 	 0.169704 
2 	 66 	 0.193958 
2 	 67 	 0.142119 
2 	 68 	 0.129079 
2 	 69 	 0.129469 
2 	 70 	 0.118862 
2 	 71 	 0.163229 
2 	 72 	 0.147933 
2 	 73 	 0.262789 
2 	 74 	 0.173720 
2 	 75 	 0.207725 
2 	 76 	 0.177216 
2 	 77 	 0.218559 
2 	 78 	 0.162279 
2 	 79 	 0.144076 
2 	 80 	 0.140063 
2 	 81 	 0.186234 
2 	 82 	 0.170798 
2 	 83 	 0.152557 
2 	 84 	 0.221292 
2 	 85 	 0.156071 
2 	 86 	 0.214690 
2 	 87 	 0.149623 
2 	 88 	 0.139830 
2 	 89 	 0.230684 
2 	 90 	 0.146955 
2 	 91 	 0.161907 
2 	 92 	 0.133051 
2 	 93 	 0.158813 
2 	 94 	 0.182727 
2 	 95 	 0.170206 
2 	 96 	 0.126552 
2 	 97 	 0.137876 
2 	 98 	 0.166619 
2 	 99 	 0.151143 
2 	 100 	 0.152192 
2 	 101 	 0.186183 
2 	 102 	 0.126309 
2 	 103 	 0.152058 
2 	 104 	 0.180133 
2 	 105 	 0.216118 
2 	 106 	 0.183725 
2 	 107 	 0.196869 
2 	 108 	 0.168726 
2 	 109 	 0.254491 
2 	 110 	 0.145435 
2 	 111 	 0.282174 
2 	 112 	 0.165701 
2 	 113 	 0.181897 
2 	 114 	 0.152242 
2 	 115 	 0.205036 
2 	 116 	 0.136119 
2 	 117 	 0.186938 
2 	 118 	 0.198990 
2 	 119 	 0.143781 
2 	 120 	 0.118857 
2 	 121 	 0.203093 
2 	 122 	 0.162581 
2 	 123 	 0.207807 
2 	 124 	 0.161546 
2 	 125 	 0.181798 
2 	 126 	 0.170371 
2 	 127 	 0.139256 
2 	 128 	 0.133764 
2 	 129 	 0.152529 
2 	 130 	 0.133125 
2 	 131 	 0.144507 
2 	 132 	 0.200234 
2 	 133 	 0.136932 
2 	 134 	 0.164355 
2 	 135 	 0.135906 
2 	 136 	 0.196635 
2 	 137 	 0.163577 
2 	 138 	 0.188159 
2 	 139 	 0.132845 
2 	 140 	 0.197489 
2 	 141 	 0.154584 
2 	 142 	 0.197976 
2 	 143 	 0.154556 
2 	 144 	 0.231557 
2 	 145 	 0.166122 
2 	 146 	 0.178083 
2 	 147 	 0.151967 
2 	 148 	 0.132179 
2 	 149 	 0.143296 
2 	 150 	 0.209819 
2 	 151 	 0.194416 
2 	 152 	 0.178009 
2 	 153 	 0.147766 
2 	 154 	 0.147628 
2 	 155 	 0.150031 
2 	 156 	 0.165081 
2 	 157 	 0.171372 
2 	 158 	 0.124728 
2 	 159 	 0.172656 
2 	 160 	 0.204531 
2 	 161 	 0.166420 
2 	 162 	 0.142036 
2 	 163 	 0.111407 
2 	 164 	 0.149455 
2 	 165 	 0.150092 
2 	 166 	 0.130923 
2 	 167 	 0.190858 
2 	 168 	 0.156928 
2 	 169 	 0.287994 
2 	 170 	 0.152679 
2 	 171 	 0.210785 
2 	 172 	 0.251557 
2 	 173 	 0.203777 
2 	 174 	 0.135009 
2 	 175 	 0.137319 
2 	 176 	 0.168195 
2 	 177 	 0.144167 
2 	 178 	 0.217329 
2 	 179 	 0.178773 
2 	 180 	 0.284047 
2 	 181 	 0.164757 
2 	 182 	 0.163592 
2 	 183 	 0.166524 
2 	 184 	 0.124376 
2 	 185 	 0.157406 
2 	 186 	 0.151189 
2 	 187 	 0.196492 
2 	 188 	 0.158932 
2 	 189 	 0.121317 
2 	 190 	 0.235903 
2 	 191 	 0.145475 
2 	 192 	 0.137254 
2 	 193 	 0.141965 
2 	 194 	 0.157943 
2 	 195 	 0.144323 
2 	 196 	 0.193151 
2 	 197 	 0.152919 
2 	 198 	 0.133857 
2 	 199 	 0.169623 
2 	 200 	 0.179407 
2 	 201 	 0.138019 
2 	 202 	 0.112950 
2 	 203 	 0.146295 
2 	 204 	 0.164073 
2 	 205 	 0.163780 
2 	 206 	 0.182241 
2 	 207 	 0.189454 
2 	 208 	 0.206793 
2 	 209 	 0.133414 
2 	 210 	 0.244623 
2 	 211 	 0.169560 
2 	 212 	 0.165792 
2 	 213 	 0.135672 
2 	 214 	 0.153700 
2 	 215 	 0.196024 
2 	 216 	 0.156260 
2 	 217 	 0.155764 
2 	 218 	 0.123402 
2 	 219 	 0.156847 
2 	 220 	 0.168270 
2 	 221 	 0.147737 
2 	 222 	 0.202068 
2 	 223 	 0.143632 
2 	 224 	 0.186676 
2 	 225 	 0.165626 
2 	 226 	 0.206870 
2 	 227 	 0.219301 
2 	 228 	 0.143550 
2 	 229 	 0.151029 
2 	 230 	 0.132649 
2 	 231 	 0.153258 
2 	 232 	 0.180023 
2 	 233 	 0.201670 
2 	 234 	 0.153510 
2 	 235 	 0.127838 
2 	 236 	 0.158445 
2 	 237 	 0.173620 
2 	 238 	 0.139164 
2 	 239 	 0.146135 
2 	 240 	 0.213935 
2 	 241 	 0.148385 
2 	 242 	 0.147686 
2 	 243 	 0.132618 
2 	 244 	 0.206054 
2 	 245 	 0.160065 
2 	 246 	 0.202897 
2 	 247 	 0.194434 
2 	 248 	 0.156277 
2 	 249 	 0.154501 
2 	 250 	 0.147757 
2 	 251 	 0.130643 
2 	 252 	 0.149984 
2 	 253 	 0.156364 
2 	 254 	 0.164704 
2 	 255 	 0.146558 
3 	 0 	 0.179054 
3 	 1 	 0.253290 
3 	 2 	 0.183128 
3 	 3 	 0.196824 
3 	 4 	 0.147595 
3 	 5 	 0.135106 
3 	 6 	 0.149804 
3 	 7 	 0.168271 
3 	 8 	 0.191080 
3 	 9 	 0.202252 
3 	 10 	 0.144821 
3 	 11 	 0.149998 
3 	 12 	 0.226759 
3 	 13 	 0.182964 
3 	 14 	 0.142378 
3 	 15 	 0.191725 
3 	 16 	 0.168671 
3 	 17 	 0.188309 
3 	 18 	 0.221572 
3 	 19 	 0.166324 
3 	 20 	 0.169068 
3 	 21 	 0.244638 
3 	 22 	 0.144377 
3 	 23 	 0.202635 
3 	 24 	 0.201199 
3 	 25 	 0.138697 
3 	 26 	 0.183585 
3 	 27 	 0.194319 
3 	 28 	 0.227290 
3 	 29 	 0.156402 
3 	 30 	 0.163256 
3 	 31 	 0.161070 
3 	 32 	 0.172699 
3 	 33 	 0.147292 
3 	 34 	 0.242370 
3 	 35 	 0.160341 
3 	 36 	 0.226593 
3 	 37 	 0.195360 
3 	 38 	 0.147503 
3 	 39 	 0.212440 
3 	 40 	 0.170724 
3 	 41 	 0.165120 
3 	 42 	 0.183162 
3 	 43 	 0.144183 
3 	 44 	 0.137706 
3 	 45 	 0.169282 
3 	 46 	 0.157808 
3 	 47 	 0.270955 
3 	 48 	 0.137084 
3 	 49 	 0.172167 
3 	 50 	 0.652380 
3 	 51 	 0.735075 
3 	 52 	 0.151419 
3 	 53 	 0.224766 
3 	 54 	 0.152157 
3 	 55 	 0.173840 
3 	 56 	 0.210939 
3 	 57 	 0.143900 
3 	 58 	 0.179930 
3 	 59 	 0.166366 
3 	 60 	 0.185547 
3 	 61 	 0.190781 
3 	 62 	 0.142360 
3 	 63 	 0.180425 
3 	 64 	 0.125649 
3 	 65 	 0.197258 
3 	 66 	 0.170135 
3 	 67 	 0.158301 
3 	 68 	 0.133664 
3 	 69 	 0.194205 
3 	 70 	 0.188989 
3 	 71 	 0.205563 
3 	 72 	 0.124748 
3 	 73 	 0.169864 
3 	 74 	 0.159489 
3 	 75 	 0.156593 
3 	 76 	 0.156016 
3 	 77 	 0.174346 
3 	 78 	 0.139312 
3 	 79 	 0.152058 
3 	 80 	 0.154691 
3 	 81 	 0.126387 
3 	 82 	 0.130462 
3 	 83 	 0.129373 
3 	 84 	 0.150323 
3 	 85 	 0.139494 
3 	 86 	 0.173775 
3 	 87 	 0.204737 
3 	 88 	 0.164728 
3 	 89 	 0.135525 
3 	 90 	 0.159000 
3 	 91 	 0.151184 
3 	 92 	 0.176136 
3 	 93 	 0.231331 
3 	 94 	 0.218665 
3 	 95 	 0.159516 
3 	 96 	 0.147953 
3 	 97 	 0.118989 
3 	 98 	 0.168273 
3 	 99 	 0.152472 
3 	 100 	 0.163198 
3 	 101 	 0.190051 
3 	 102 	 0.157586 
3 	 103 	 0.136678 
3 	 104 	 0.140917 
3 	 105 	 0.157842 
3 	 106 	 0.145650 
3 	 107 	 0.160466 
3 	 108 	 0.183802 
3 	 109 	 0.167648 
3 	 110 	 0.177085 
3 	 111 	 0.177553 
3 	 112 	 0.185735 
3 	 113 	 0.189914 
3 	 114 	 0.217553 
3 	 115 	 0.127619 
3 	 116 	 0.176360 
3 	 117 	 0.168835 
3 	 118 	 0.150607 
3 	 119 	 0.147549 
3 	 120 	 0.281976 
3 	 121 	 0.196433 
3 	 122 	 0.181193 
3 	 123 	 0.146648 
3 	 124 	 0.279514 
3 	 125 	 0.193204 
3 	 126 	 0.261394 
3 	 127 	 0.183937 
3 	 128 	 0.144076 
3 	 129 	 0.197389 
3 	 130 	 0.157420 
3 	 131 	 0.218285 
3 	 132 	 0.143426 
3 	 133 	 0.174509 
3 	 134 	 0.165682 
3 	 135 	 0.229517 
3 	 136 	 0.157453 
3 	 137 	 0.175066 
3 	 138 	 0.183371 
3 	 139 	 0.132662 
3 	 140 	 0.231884 
3 	 141 	 0.163524 
3 	 142 	 0.183272 
3 	 143 	 0.177665 
3 	 144 	 0.148101 
3 	 145 	 0.242208 
3 	 146 	 0.138863 
3 	 147 	 0.135959 
3 	 148 	 0.177636 
3 	 149 	 0.154766 
3 	 150 	 0.154408 
3 	 151 	 0.150966 
3 	 152 	 0.169525 
3 	 153 	 0.158874 
3 	 154 	 0.170826 
3 	 155 	 0.164829 
3 	 156 	 0.136043 
3 	 157 	 0.145522 
3 	 158 	 0.171265 
3 	 159 	 0.162583 
3 	 160 	 0.162297 
3 	 161 	 0.266226 
3 	 162 	 0.157335 
3 	 163 	 0.214268 
3 	 164 	 0.159682 
3 	 165 	 0.166097 
3 	 166 	 0.188841 
3 	 167 	 0.162634 
3 	 168 	 0.158248 
3 	 169 	 0.149390 
3 	 170 	 0.186518 
3 	 171 	 0.171822 
3 	 172 	 0.147773 
3 	 173 	 0.141647 
3 	 174 	 0.156703 
3 	 175 	 0.175443 
3 	 176 	 0.226906 
3 	 177 	 0.167454 
3 	 178 	 0.120609 
3 	 179 	 0.170301 
3 	 180 	 0.166255 
3 	 181 	 0.160373 
3 	 182 	 0.163873 
3 	 183 	 0.135438 
3 	 184 	 0.179321 
3 	 185 	 0.153552 
3 	 186 	 0.166553 
3 	 187 	 0.150870 
3 	 188 	 0.159242 
3 	 189 	 0.156021 
3 	 190 	 0.159370 
3 	 191 	 0.154545 
3 	 192 	 0.141415 
3 	 193 	 0.158814 
3 	 194 	 0.145243 
3 	 195 	 0.259053 
3 	 196 	 0.180547 
3 	 197 	 0.142050 
3 	 198 	 0.288769 
3 	 199 	 0.207622 
3 	 200 	 0.163062 
3 	 201 	 0.190787 
3 	 202 	 0.181314 
3 	 203 	 0.198937 
3 	 204 	 0.146908 
3 	 205 	 0.156416 
3 	 206 	 0.149922 
3 	 207 	 0.159074 
3 	 208 	 0.156377 
3 	 209 	 0.153847 
3 	 210 	 0.154787 
3 	 211 	 0.142090 
3 	 212 	 0.203328 
3 	 213 	 0.160726 
3 	 214 	 0.176889 
3 	 215 	 0.145440 
3 	 216 	 0.132141 
3 	 217 	 0.195545 
3 	 218 	 0.173321 
3 	 219 	 0.206065 
3 	 220 	 0.147659 
3 	 221 	 0.226245 
3 	 222 	 0.157331 
3 	 223 	 0.186503 
3 	 224 	 0.149103 
3 	 225 	 0.140878 
3 	 226 	 0.159755 
3 	 227 	 0.181527 
3 	 228 	 0.206874 
3 	 229 	 0.241510 
3 	 230 	 0.202646 
3 	 231 	 0.191362 
3 	 232 	 0.159910 
3 	 233 	 0.142451 
3 	 234 	 0.164788 
3 	 235 	 0.133723 
3 	 236 	 0.195527 
3 	 237 	 0.125566 
3 	 238 	 0.164611 
3 	 239 	 0.173234 
3 	 240 	 0.150934 
3 	 241 	 0.158256 
3 	 242 	 0.171286 
3 	 243 	 0.154552 
3 	 244 	 0.152305 
3 	 245 	 0.167218 
3 	 246 	 0.179452 
3 	 247 	 0.172695 
3 	 248 	 0.189487 
3 	 249 	 0.148813 
3 	 250 	 0.157968 
3 	 251 	 0.135132 
3 	 252 	 0.150554 
3 	 253 	 0.147279 
3 	 254 	 0.180308 
3 	 255 	 0.198616 
4 	 0 	 0.141446 
4 	 1 	 0.142113 
4 	 2 	 0.151700 
4 	 3 	 0.190096 
4 	 4 	 0.146171 
4 	 5 	 0.128985 
4 	 6 	 0.150255 
4 	 7 	 0.209333 
4 	 8 	 0.149559 
4 	 9 	 0.208507 
4 	 10 	 0.163695 
4 	 11 	 0.237302 
4 	 12 	 0.151056 
4 	 13 	 0.202275 
4 	 14 	 0.171565 
4 	 15 	 0.250987 
4 	 16 	 0.173902 
4 	 17 	 0.152377 
4 	 18 	 0.154862 
4 	 19 	 0.153653 
4 	 20 	 0.150331 
4 	 21 	 0.153761 
4 	 22 	 0.163931 
4 	 23 	 0.159252 
4 	 24 	 0.116033 
4 	 25 	 0.149873 
4 	 26 	 0.170140 
4 	 27 	 0.142407 
4 	 28 	 0.145663 
4 	 29 	 0.157361 
4 	 30 	 0.146699 
4 	 31 	 0.195483 
4 	 32 	 0.129434 
4 	 33 	 0.146568 
4 	 34 	 0.164341 
4 	 35 	 0.149443 
4 	 36 	 0.132830 
4 	 37 	 0.116835 
4 	 38 	 0.144512 
4 	 39 	 0.205700 
4 	 40 	 0.189642 
4 	 41 	 0.160052 
4 	 42 	 0.153954 
4 	 43 	 0.241105 
4 	 44 	 0.173108 
4 	 45 	 0.181677 
4 	 46 	 0.233589 
4 	 47 	 0.146282 
4 	 48 	 0.183966 
4 	 49 	 0.166947 
4 	 50 	 0.171819 
4 	 51 	 0.138585 
4 	 52 	 0.203543 
4 	 53 	 0.217808 
4 	 54 	 0.174066 
4 	 55 	 0.137781 
4 	 56 	 0.136175 
4 	 57 	 0.146454 
4 	 58 	 0.140107 
4 	 59 	 0.175473 
4 	 60 	 0.131028 
4 	 61 	 0.181153 
4 	 62 	 0.158178 
4 	 63 	 0.146396 
4 	 64 	 0.163972 
4 	 65 	 0.167165 
4 	 66 	 0.209904 
4 	 67 	 0.164346 
4 	 68 	 0.703079 
4 	 69 	 0.667922 
4 	 70 	 0.127877 
4 	 71 	 0.143144 
4 	 72 	 0.116602 
4 	 73 	 0.204900 
4 	 74 	 0.150578 
4 	 75 	 0.239970 
4 	 76 	 0.177799 
4 	 77 	 0.184311 
4 	 78 	 0.170730 
4 	 79 	 0.175692 
4 	 80 	 0.137382 
4 	 81 	 0.137315 
4 	 82 	 0.194980 
4 	 83 	 0.173561 
4 	 84 	 0.243561 
4 	 85 	 0.196136 
4 	 86 	 0.209456 
4 	 87 	 0.161304 
4 	 88 	 0.222781 
4 	 89 	 0.156182 
4 	 90 	 0.161751 
4 	 91 	 0.140347 
4 	 92 	 0.143382 
4 	 93 	 0.240755 
4 	 94 	 0.160712 
4 	 95 	 0.153562 
4 	 96 	 0.149919 
4 	 97 	 0.174633 
4 	 98 	 0.166983 
4 	 99 	 0.180443 
4 	 100 	 0.156175 
4 	 101 	 0.142389 
4 	 102 	 0.143751 
4 	 103 	 0.163741 
4 	 104 	 0.129578 
4 	 105 	 0.219927 
4 	 106 	 0.130006 
4 	 107 	 0.135673 
4 	 108 	 0.147415 
4 	 109 	 0.181120 
4 	 110 	 0.160166 
4 	 111 	 0.213566 
4 	 112 	 0.276733 
4 	 113 	 0.163792 
4 	 114 	 0.165873 
4 	 115 	 0.143649 
4 	 116 	 0.167560 
4 	 117 	 0.176247 
4 	 118 	 0.163694 
4 	 119 	 0.177594 
4 	 120 	 0.194058 
4 	 121 	 0.219431 
4 	 122 	 0.164518 
4 	 123 	 0.189378 
4 	 124 	 0.168869 
4 	 125 	 0.194450 
4 	 126 	 0.153597 
4 	 127 	 0.237283 
4 	 128 	 0.142159 
4 	 129 	 0.162534 
4 	 130 	 0.126954 
4 	 131 	 0.146111 
4 	 132 	 0.181204 
4 	 133 	 0.148373 
4 	 134 	 0.162831 
4 	 135 	 0.152126 
4 	 136 	 0.143629 
4 	 137 	 0.144653 
4 	 138 	 0.135861 
4 	 139 	 0.183004 
4 	 140 	 0.141365 
4 	 141 	 0.195141 
4 	 142 	 0.167355 
4 	 143 	 0.180890 
4 	 144 	 0.178305 
4 	 145 	 0.236536 
4 	 146 	 0.166236 
4 	 147 	 0.150469 
4 	 148 	 0.153713 
4 	 149 	 0.157079 
4 	 150 	 0.208878 
4 	 151 	 0.176901 
4 	 152 	 0.132325 
4 	 153 	 0.144379 
4 	 154 	 0.171105 
4 	 155 	 0.165831 
4 	 156 	 0.129662 
4 	 157 	 0.136032 
4 	 158 	 0.167393 
4 	 159 	 0.147402 
4 	 160 	 0.211929 
4 	 161 	 0.127032 
4 	 162 	 0.163871 
4 	 163 	 0.150496 
4 	 164 	 0.139239 
4 	 165 	 0.207488 
4 	 166 	 0.133227 
4 	 167 	 0.164958 
4 	 168 	 0.184052 
4 	 169 	 0.142111 
4 	 170 	 0.252243 
4 	 171 	 0.197452 
4 	 172 	 0.124746 
4 	 173 	 0.172853 
4 	 174 	 0.166579 
4 	 175 	 0.171837 
4 	 176 	 0.183174 
4 	 177 	 0.143171 
4 	 178 	 0.172167 
4 	 179 	 0.212234 
4 	 180 	 0.244118 
4 	 181 	 0.147531 
4 	 182 	 0.175926 
4 	 183 	 0.142744 
4 	 184 	 0.171293 
4 	 185 	 0.112846 
4 	 186 	 0.140802 
4 	 187 	 0.163275 
4 	 188 	 0.147046 
4 	 189 	 0.145899 
4 	 190 	 0.162502 
4 	 191 	 0.141216 
4 	 192 	 0.148838 
4 	 193 	 0.202414 
4 	 194 	 0.129715 
4 	 195 	 0.169965 
4 	 196 	 0.162793 
4 	 197 	 0.133044 
4 	 198 	 0.193671 
4 	 199 	 0.225705 
4 	 200 	 0.147923 
4 	 201 	 0.175978 
4 	 202 	 0.169090 
4 	 203 	 0.160721 
4 	 204 	 0.128906 
4 	 205 	 0.161900 
4 	 206 	 0.140482 
4 	 207 	 0.199031 
4 	 208 	 0.141736 
4 	 209 	 0.137909 
4 	 210 	 0.289056 
4 	 211 	 0.175889 
4 	 212 	 0.179524 
4 	 213 	 0.191693 
4 	 214 	 0.131319 
4 	 215 	 0.182169 
4 	 216 	 0.197903 
4 	 217 	 0.196970 
4 	 218 	 0.125016 
4 	 219 	 0.149971 
4 	 220 	 0.164926 
4 	 221 	 0.133834 
4 	 222 	 0.167492 
4 	 223 	 0.167472 
4 	 224 	 0.139767 
4 	 225 	 0.141879 
4 	 226 	 0.155174 
4 	 227 	 0.166361 
4 	 228 	 0.131757 
4 	 229 	 0.174265 
4 	 230 	 0.148692 
4 	 231 	 0.137820 
4 	 232 	 0.165509 
4 	 233 	 0.212739 
4 	 234 	 0.178509 
4 	 235 	 0.143563 
4 	 236 	 0.138566 
4 	 237 	 0.130934 
4 	 238 	 0.147446 
4 	 239 	 0.252120 
4 	 240 	 0.168906 
4 	 241 	 0.188689 
4 	 242 	 0.167765 
4 	 243 	 0.137527 
4 	 244 	 0.192751 
4 	 245 	 0.157878 
4 	 246 	 0.173603 
4 	 247 	 0.186105 
4 	 248 	 0.152524 
4 	 249 	 0.175827 
4 	 250 	 0.228496 
4 	 251 	 0.216777 
4 	 252 	 0.172052 
4 	 253 	 0.131013 
4 	 254 	 0.154746 
4 	 255 	 0.174025 
5 	 0 	 0.204638 
5 	 1 	 0.155465 
5 	 2 	 0.189837 
5 	 3 	 0.157948 
5 	 4 	 0.229371 
5 	 5 	 0.145553 
5 	 6 	 0.196161 
5 	 7 	 0.163277 
5 	 8 	 0.211912 
5 	 9 	 0.188146 
5 	 10 	 0.202258 
5 	 11 	 0.125761 
5 	 12 	 0.159719 
5 	 13 	 0.152752 
5 	 14 	 0.163083 
5 	 15 	 0.133340 
5 	 16 	 0.141753 
5 	 17 	 0.140835 
5 	 18 	 0.134921 
5 	 19 	 0.150030 
5 	 20 	 0.169089 
5 	 21 	 0.123314 
5 	 22 	 0.149694 
5 	 23 	 0.179246 
5 	 24 	 0.179537 
5 	 25 	 0.211792 
5 	 26 	 0.162151 
5 	 27 	 0.177697 
5 	 28 	 0.193100 
5 	 29 	 0.223060 
5 	 30 	 0.266158 
5 	 31 	 0.197870 
5 	 32 	 0.127059 
5 	 33 	 0.144791 
5 	 34 	 0.151222 
5 	 35 	 0.233025 
5 	 36 	 0.197092 
5 	 37 	 0.175175 
5 	 38 	 0.134914 
5 	 39 	 0.180703 
5 	 40 	 0.171509 
5 	 41 	 0.167708 
5 	 42 	 0.145711 
5 	 43 	 0.168250 
5 	 44 	 0.155900 
5 	 45 	 0.211397 
5 	 46 	 0.117174 
5 	 47 	 0.174366 
5 	 48 	 0.148574 
5 	 49 	 0.116830 
5 	 50 	 0.184469 
5 	 51 	 0.149962 
5 	 52 	 0.126285 
5 	 53 	 0.154512 
5 	 54 	 0.174032 
5 	 55 	 0.151746 
5 	 56 	 0.271335 
5 	 57 	 0.155354 
5 	 58 	 0.205115 
5 	 59 	 0.170731 
5 	 60 	 0.180050 
5 	 61 	 0.169806 
5 	 62 	 0.192484 
5 	 63 	 0.128669 
5 	 64 	 0.156542 
5 	 65 	 0.206293 
5 	 66 	 0.178772 
5 	 67 	 0.179255 
5 	 68 	 0.219221 
5 	 69 	 0.190806 
5 	 70 	 0.215196 
5 	 71 	 0.170313 
5 	 72 	 0.179341 
5 	 73 	 0.178298 
5 	 74 	 0.193950 
5 	 75 	 0.143905 
5 	 76 	 0.186261 
5 	 77 	 0.151125 
5 	 78 	 0.155423 
5 	 79 	 0.201547 
5 	 80 	 0.137761 
5 	 81 	 0.158805 
5 	 82 	 0.144151 
5 	 83 	 0.223292 
5 	 84 	 0.637249 
5 	 85 	 0.720382 
5 	 86 	 0.153987 
5 	 87 	 0.139218 
5 	 88 	 0.224368 
5 	 89 	 0.141908 
5 	 90 	 0.200527 
5 	 91 	 0.194304 
5 	 92 	 0.246841 
5 	 93 	 0.170714 
5 	 94 	 0.193247 
5 	 95 	 0.170346 
5 	 96 	 0.171384 
5 	 97 	 0.155711 
5 	 98 	 0.167225 
5 	 99 	 0.172305 
5 	 100 	 0.200566 
5 	 101 	 0.145295 
5 	 102 	 0.136067 
5 	 103 	 0.155707 
5 	 104 	 0.157670 
5 	 105 	 0.155002 
5 	 106 	 0.157710 
5 	 107 	 0.174796 
5 	 108 	 0.167030 
5 	 109 	 0.133325 
5 	 110 	 0.254839 
5 	 111 	 0.185069 
5 	 112 	 0.212551 
5 	 113 	 0.226819 
5 	 114 	 0.158990 
5 	 115 	 0.206065 
5 	 116 	 0.149398 
5 	 117 	 0.155520 
5 	 118 	 0.157252 
5 	 119 	 0.151770 
5 	 120 	 0.173577 
5 	 121 	 0.135809 
5 	 122 	 0.193692 
5 	 123 	 0.201971 
5 	 124 	 0.159717 
5 	 125 	 0.154141 
5 	 126 	 0.281299 
5 	 127 	 0.135348 
5 	 128 	 0.168678 
5 	 129 	 0.136613 
5 	 130 	 0.146151 
5 	 131 	 0.259573 
5 	 132 	 0.200627 
5 	 133 	 0.191536 
5 	 134 	 0.188689 
5 	 135 	 0.193511 
5 	 136 	 0.145533 
5 	 137 	 0.149040 
5 	 138 	 0.131196 
5 	 139 	 0.189022 
5 	 140 	 0.149322 
5 	 141 	 0.177331 
5 	 142 	 0.196435 
5 	 143 	 0.134360 
5 	 144 	 0.170865 
5 	 145 	 0.167086 
5 	 146 	 0.163584 
5 	 147 	 0.150280 
5 	 148 	 0.196830 
5 	 149 	 0.187160 
5 	 150 	 0.164501 
5 	 151 	 0.135982 
5 	 152 	 0.185653 
5 	 153 	 0.152401 
5 	 154 	 0.235589 
5 	 155 	 0.186925 
5 	 156 	 0.152146 
5 	 157 	 0.150244 
5 	 158 	 0.174363 
5 	 159 	 0.181416 
5 	 160 	 0.237748 
5 	 161 	 0.192737 
5 	 162 	 0.142779 
5 	 163 	 0.166325 
5 	 164 	 0.168132 
5 	 165 	 0.248790 
5 	 166 	 0.184344 
5 	 167 	 0.233512 
5 	 168 	 0.196495 
5 	 169 	 0.118327 
5 	 170 	 0.174316 
5 	 171 	 0.170788 
5 	 172 	 0.169573 
5 	 173 	 0.145856 
5 	 174 	 0.167511 
5 	 175 	 0.167657 
5 	 176 	 0.129508 
5 	 177 	 0.144240 
5 	 178 	 0.142704 
5 	 179 	 0.187882 
5 	 180 	 0.170108 
5 	 181 	 0.149989 
5 	 182 	 0.130001 
5 	 183 	 0.207124 
5 	 184 	 0.154823 
5 	 185 	 0.192692 
5 	 186 	 0.189729 
5 	 187 	 0.126340 
5 	 188 	 0.199776 
5 	 189 	 0.196610 
5 	 190 	 0.136264 
5 	 191 	 0.271407 
5 	 192 	 0.161540 
5 	 193 	 0.173274 
5 	 194 	 0.175616 
5 	 195 	 0.176722 
5 	 196 	 0.141806 
5 	 197 	 0.171911 
5 	 198 	 0.121194 
5 	 199 	 0.198562 
5 	 200 	 0.125033 
5 	 201 	 0.192273 
5 	 202 	 0.141624 
5 	 203 	 0.185315 
5 	 204 	 0.189437 
5 	 205 	 0.188308 
5 	 206 	 0.147398 
5 	 207 	 0.175658 
5 	 208 	 0.163951 
5 	 209 	 0.144122 
5 	 210 	 0.129385 
5 	 211 	 0.136667 
5 	 212 	 0.174268 
5 	 213 	 0.177545 
5 	 214 	 0.249150 
5 	 215 	 0.174994 
5 	 216 	 0.203274 
5 	 217 	 0.198611 
5 	 218 	 0.201691 
5 	 219 	 0.144328 
5 	 220 	 0.144434 
5 	 221 	 0.206657 
5 	 222 	 0.146382 
5 	 223 	 0.162369 
5 	 224 	 0.151891 
5 	 225 	 0.198726 
5 	 226 	 0.182139 
5 	 227 	 0.236278 
5 	 228 	 0.183026 
5 	 229 	 0.216254 
5 	 230 	 0.166612 
5 	 231 	 0.182337 
5 	 232 	 0.254641 
5 	 233 	 0.193688 
5 	 234 	 0.215729 
5 	 235 	 0.185548 
5 	 236 	 0.157347 
5 	 237 	 0.240521 
5 	 238 	 0.153426 
5 	 239 	 0.147569 
5 	 240 	 0.135771 
5 	 241 	 0.141509 
5 	 242 	 0.301848 
5 	 243 	 0.195840 
5 	 244 	 0.130331 
5 	 245 	 0.180315 
5 	 246 	 0.145490 
5 	 247 	 0.142204 
5 	 248 	 0.204789 
5 	 249 	 0.137609 
5 	 250 	 0.157569 
5 	 251 	 0.191314 
5 	 252 	 0.190701 
5 	 253 	 0.199946 
5 	 254 	 0.187365 
5 	 255 	 0.186783 
6 	 0 	 0.208636 
6 	 1 	 0.162545 
6 	 2 	 0.188422 
6 	 3 	 0.150611 
6 	 4 	 0.161215 
6 	 5 	 0.127660 
6 	 6 	 0.167914 
6 	 7 	 0.194904 
6 	 8 	 0.204658 
6 	 9 	 0.205806 
6 	 10 	 0.159744 
6 	 11 	 0.138517 
6 	 12 	 0.152965 
6 	 13 	 0.217789 
6 	 14 	 0.186089 
6 	 15 	 0.196671 
6 	 16 	 0.143236 
6 	 17 	 0.151851 
6 	 18 	 0.205789 
6 	 19 	 0.166697 
6 	 20 	 0.156282 
6 	 21 	 0.203258 
6 	 22 	 0.166870 
6 	 23 	 0.202945 
6 	 24 	 0.136585 
6 	 25 	 0.156764 
6 	 26 	 0.202106 
6 	 27 	 0.181766 
6 	 28 	 0.176699 
6 	 29 	 0.149840 
6 	 30 	 0.158162 
6 	 31 	 0.225671 
6 	 32 	 0.160238 
6 	 33 	 0.173222 
6 	 34 	 0.143852 
6 	 35 	 0.134164 
6 	 36 	 0.149022 
6 	 37 	 0.162955 
6 	 38 	 0.141954 
6 	 39 	 0.172443 
6 	 40 	 0.150687 
6 	 41 	 0.112805 
6 	 42 	 0.187726 
6 	 43 	 0.207544 
6 	 44 	 0.204652 
6 	 45 	 0.218650 
6 	 46 	 0.208943 
6 	 47 	 0.256665 
6 	 48 	 0.165837 
6 	 49 	 0.160275 
6 	 50 	 0.172027 
6 	 51 	 0.155840 
6 	 52 	 0.180882 
6 	 53 	 0.210067 
6 	 54 	 0.145811 
6 	 55 	 0.147583 
6 	 56 	 0.154284 
6 	 57 	 0.177667 
6 	 58 	 0.152612 
6 	 59 	 0.134966 
6 	 60 	 0.178890 
6 	 61 	 0.162850 
6 	 62 	 0.149500 
6 	 63 	 0.167653 
6 	 64 	 0.225031 
6 	 65 	 0.158992 
6 	 66 	 0.159890 
6 	 67 	 0.168143 
6 	 68 	 0.134383 
6 	 69 	 0.140593 
6 	 70 	 0.150067 
6 	 71 	 0.139695 
6 	 72 	 0.148854 
6 	 73 	 0.235538 
6 	 74 	 0.184519 
6 	 75 	 0.170700 
6 	 76 	 0.232661 
6 	 77 	 0.173540 
6 	 78 	 0.155925 
6 	 79 	 0.154347 
6 	 80 	 0.241708 
6 	 81 	 0.218639 
6 	 82 	 0.169792 
6 	 83 	 0.224472 
6 	 84 	 0.169718 
6 	 85 	 0.190918 
6 	 86 	 0.196213 
6 	 87 	 0.157893 
6 	 88 	 0.207947 
6 	 89 	 0.164972 
6 	 90 	 0.162544 
6 	 91 	 0.173628 
6 	 92 	 0.173838 
6 	 93 	 0.179395 
6 	 94 	 0.123019 
6 	 95 	 0.178338 
6 	 96 	 0.213164 
6 	 97 	 0.164604 
6 	 98 	 0.164445 
6 	 99 	 0.160725 
6 	 100 	 0.194666 
6 	 101 	 0.173123 
6 	 102 	 0.685499 
6 	 103 	 0.605581 
6 	 104 	 0.161035 
6 	 105 	 0.188944 
6 	 106 	 0.181403 
6 	 107 	 0.174507 
6 	 108 	 0.215035 
6 	 109 	 0.144781 
6 	 110 	 0.191655 
6 	 111 	 0.154312 
6 	 112 	 0.175111 
6 	 113 	 0.192111 
6 	 114 	 0.131280 
6 	 115 	 0.216954 
6 	 116 	 0.152593 
6 	 117 	 0.134054 
6 	 118 	 0.190163 
6 	 119 	 0.170787 
6 	 120 	 0.218341 
6 	 121 	 0.207338 
6 	 122 	 0.182423 
6 	 123 	 0.153533 
6 	 124 	 0.147273 
6 	 125 	 0.133671 
6 	 126 	 0.167609 
6 	 127 	 0.149642 
6 	 128 	 0.147840 
6 	 129 	 0.195724 
6 	 130 	 0.154620 
6 	 131 	 0.151338 
6 	 132 	 0.161704 
6 	 133 	 0.168329 
6 	 134 	 0.182596 
6 	 135 	 0.192674 
6 	 136 	 0.255151 
6 	 137 	 0.200012 
6 	 138 	 0.142995 
6 	 139 	 0.182663 
6 	 140 	 0.233286 
6 	 141 	 0.142411 
6 	 142 	 0.159787 
6 	 143 	 0.160558 
6 	 144 	 0.149209 
6 	 145 	 0.157495 
6 	 146 	 0.124856 
6 	 147 	 0.168571 
6 	 148 	 0.235750 
6 	 149 	 0.183727 
6 	 150 	 0.218421 
6 	 151 	 0.143023 
6 	 152 	 0.125933 
6 	 153 	 0.126331 
6 	 154 	 0.180673 
6 	 155 	 0.175596 
6 	 156 	 0.131013 
6 	 157 	 0.126162 
6 	 158 	 0.138091 
6 	 159 	 0.163252 
6 	 160 	 0.150614 
6 	 161 	 0.164976 
6 	 162 	 0.183699 
6 	 163 	 0.140066 
6 	 164 	 0.209252 
6 	 165 	 0.152400 
6 	 166 	 0.147719 
6 	 167 	 0.131016 
6 	 168 	 0.121384 
6 	 169 	 0.168996 
6 	 170 	 0.177605 
6 	 171 	 0.140137 
6 	 172 	 0.160161 
6 	 173 	 0.193760 
6 	 174 	 0.159780 
6 	 175 	 0.151151 
6 	 176 	 0.212108 
6 	 177 	 0.126480 
6 	 178 	 0.156792 
6 	 179 	 0.165120 
6 	 180 	 0.164145 
6 	 181 	 0.212935 
6 	 182 	 0.224252 
6 	 183 	 0.181247 
6 	 184 	 0.134322 
6 	 185 	 0.163614 
6 	 186 	 0.155727 
6 	 187 	 0.160826 
6 	 188 	 0.185918 
6 	 189 	 0.160870 
6 	 190 	 0.135602 
6 	 191 	 0.149796 
6 	 192 	 0.137522 
6 	 193 	 0.162309 
6 	 194 	 0.173378 
6 	 195 	 0.154950 
6 	 196 	 0.142486 
6 	 197 	 0.143181 
6 	 198 	 0.162465 
6 	 199 	 0.153212 
6 	 200 	 0.185042 
6 	 201 	 0.181330 
6 	 202 	 0.187444 
6 	 203 	 0.121007 
6 	 204 	 0.122932 
6 	 205 	 0.201774 
6 	 206 	 0.126428 
6 	 207 	 0.135598 
6 	 208 	 0.227763 
6 	 209 	 0.159590 
6 	 210 	 0.241582 
6 	 211 	 0.186746 
6 	 212 	 0.182166 
6 	 213 	 0.150966 
6 	 214 	 0.134858 
6 	 215 	 0.183417 
6 	 216 	 0.171810 
6 	 217 	 0.128724 
6 	 218 	 0.199180 
6 	 219 	 0.219082 
6 	 220 	 0.136567 
6 	 221 	 0.128551 
6 	 222 	 0.132878 
6 	 223 	 0.180312 
6 	 224 	 0.214112 
6 	 225 	 0.140861 
6 	 226 	 0.144781 
6 	 227 	 0.133026 
6 	 228 	 0.190938 
6 	 229 	 0.181864 
6 	 230 	 0.163001 
6 	 231 	 0.151027 
6 	 232 	 0.166216 
6 	 233 	 0.215546 
6 	 234 	 0.241220 
6 	 235 	 0.164042 
6 	 236 	 0.151700 
6 	 237 	 0.183809 
6 	 238 	 0.176432 
6 	 239 	 0.175707 
6 	 240 	 0.143461 
6 	 241 	 0.131774 
6 	 242 	 0.211324 
6 	 243 	 0.166062 
6 	 244 	 0.212713 
6 	 245 	 0.141462 
6 	 246 	 0.211667 
6 	 247 	 0.228965 
6 	 248 	 0.197159 
6 	 249 	 0.137899 
6 	 250 	 0.267567 
6 	 251 	 0.162657 
6 	 252 	 0.198356 
6 	 253 	 0.180356 
6 	 254 	 0.161778 
6 	 255 	 0.159188 
7 	 0 	 0.135661 
7 	 1 	 0.196741 
7 	 2 	 0.154963 
7 	 3 	 0.159944 
7 	 4 	 0.155032 
7 	 5 	 0.204974 
7 	 6 	 0.154837 
7 	 7 	 0.194669 
7 	 8 	 0.173720 
7 	 9 	 0.176896 
7 	 10 	 0.200537 
7 	 11 	 0.177105 
7 	 12 	 0.143979 
7 	 13 	 0.142330 
7 	 14 	 0.160716 
7 	 15 	 0.193269 
7 	 16 	 0.216647 
7 	 17 	 0.142462 
7 	 18 	 0.136396 
7 	 19 	 0.149700 
7 	 20 	 0.157447 
7 	 21 	 0.134753 
7 	 22 	 0.148035 
7 	 23 	 0.138282 
7 	 24 	 0.169035 
7 	 25 	 0.148359 
7 	 26 	 0.219882 
7 	 27 	 0.152464 
7 	 28 	 0.141118 
7 	 29 	 0.182817 
7 	 30 	 0.187572 
7 	 31 	 0.173602 
7 	 32 	 0.164806 
7 	 33 	 0.154524 
7 	 34 	 0.209323 
7 	 35 	 0.146260 
7 	 36 	 0.129113 
7 	 37 	 0.242000 
7 	 38 	 0.149648 
7 	 39 	 0.181950 
7 	 40 	 0.148188 
7 	 41 	 0.173912 
7 	 42 	 0.147004 
7 	 43 	 0.164859 
7 	 44 	 0.150982 
7 	 45 	 0.175229 
7 	 46 	 0.152074 
7 	 47 	 0.165275 
7 	 48 	 0.172390 
7 	 49 	 0.175354 
7 	 50 	 0.226267 
7 	 51 	 0.134334 
7 	 52 	 0.168880 
7 	 53 	 0.172945 
7 	 54 	 0.144763 
7 	 55 	 0.129920 
7 	 56 	 0.181517 
7 	 57 	 0.184876 
7 	 58 	 0.210596 
7 	 59 	 0.206536 
7 	 60 	 0.188363 
7 	 61 	 0.202978 
7 	 62 	 0.198350 
7 	 63 	 0.161752 
7 	 64 	 0.145750 
7 	 65 	 0.187955 
7 	 66 	 0.158559 
7 	 67 	 0.160915 
7 	 68 	 0.208873 
7 	 69 	 0.169840 
7 	 70 	 0.138962 
7 	 71 	 0.209730 
7 	 72 	 0.188453 
7 	 73 	 0.178933 
7 	 74 	 0.206081 
7 	 75 	 0.159162 
7 	 76 	 0.138083 
7 	 77 	 0.182709 
7 	 78 	 0.156815 
7 	 79 	 0.153438 
7 	 80 	 0.218767 
7 	 81 	 0.191509 
7 	 82 	 0.126755 
7 	 83 	 0.160501 
7 	 84 	 0.190931 
7 	 85 	 0.140478 
7 	 86 	 0.184395 
7 	 87 	 0.159925 
7 	 88 	 0.203746 
7 	 89 	 0.142906 
7 	 90 	 0.162662 
7 	 91 	 0.197660 
7 	 92 	 0.233468 
7 	 93 	 0.164988 
7 	 94 	 0.169415 
7 	 95 	 0.149766 
7 	 96 	 0.132352 
7 	 97 	 0.256197 
7 	 98 	 0.141317 
7 	 99 	 0.151970 
7 	 100 	 0.145454 
7 	 101 	 0.131519 
7 	 102 	 0.210489 
7 	 103 	 0.145504 
7 	 104 	 0.172540 
7 	 105 	 0.150808 
7 	 106 	 0.165117 
7 	 107 	 0.148612 
7 	 108 	 0.148264 
7 	 109 	 0.184249 
7 	 110 	 0.180708 
7 	 111 	 0.158597 
7 	 112 	 0.141928 
7 	 113 	 0.170871 
7 	 114 	 0.154993 
7 	 115 	 0.181413 
7 	 116 	 0.170654 
7 	 117 	 0.162303 
7 	 118 	 0.691505 
7 	 119 	 0.728704 
7 	 120 	 0.225973 
7 	 121 	 0.136272 
7 	 122 	 0.185035 
7 	 123 	 0.136724 
7 	 124 	 0.195810 
7 	 125 	 0.158937 
7 	 126 	 0.176203 
7 	 127 	 0.169421 
7 	 128 	 0.138639 
7 	 129 	 0.173024 
7 	 130 	 0.204921 
7 	 131 	 0.235403 
7 	 132 	 0.171747 
7 	 133 	 0.163754 
7 	 134 	 0.193010 
7 	 135 	 0.156880 
7 	 136 	 0.168012 
7 	 137 	 0.141594 
7 	 138 	 0.147234 
7 	 139 	 0.150131 
7 	 140 	 0.157421 
7 	 141 	 0.182565 
7 	 142 	 0.162001 
7 	 143 	 0.144806 
7 	 144 	 0.183292 
7 	 145 	 0.118033 
7 	 146 	 0.154214 
7 	 147 	 0.148672 
7 	 148 	 0.144287 
7 	 149 	 0.175680 
7 	 150 	 0.135892 
7 	 151 	 0.139179 
7 	 152 	 0.156726 
7 	 153 	 0.179416 
7 	 154 	 0.168004 
7 	 155 	 0.217191 
7 	 156 	 0.139686 
7 	 157 	 0.163651 
7 	 158 	 0.151808 
7 	 159 	 0.154983 
7 	 160 	 0.182310 
7 	 161 	 0.130404 
7 	 162 	 0.181092 
7 	 163 	 0.174196 
7 	 164 	 0.131527 
7 	 165 	 0.227082 
7 	 166 	 0.201218 
7 	 167 	 0.200888 
7 	 168 	 0.142008 
7 	 169 	 0.144384 
7 	 170 	 0.147222 
7 	 171 	 0.145261 
7 	 172 	 0.125998 
7 	 173 	 0.157219 
7 	 174 	 0.148048 
7 	 175 	 0.125323 
7 	 176 	 0.155622 
7 	 177 	 0.216144 
7 	 178 	 0.161746 
7 	 179 	 0.175245 
7 	 180 	 0.154731 
7 	 181 	 0.179533 
7 	 182 	 0.158759 
7 	 183 	 0.163505 
7 	 184 	 0.176419 
7 	 185 	 0.128819 
7 	 186 	 0.166991 
7 	 187 	 0.152912 
7 	 188 	 0.196827 
7 	 189 	 0.157162 
7 	 190 	 0.148158 
7 	 191 	 0.127717 
7 	 192 	 0.161296 
7 	 193 	 0.175170 
7 	 194 	 0.168277 
7 	 195 	 0.178293 
7 	 196 	 0.132141 
7 	 197 	 0.150519 
7 	 198 	 0.154888 
7 	 199 	 0.159426 
7 	 200 	 0.151051 
7 	 201 	 0.181276 
7 	 202 	 0.150494 
7 	 203 	 0.156409 
7 	 204 	 0.142746 
7 	 205 	 0.175777 
7 	 206 	 0.132079 
7 	 207 	 0.175080 
7 	 208 	 0.207862 
7 	 209 	 0.148709 
7 	 210 	 0.150876 
7 	 211 	 0.168467 
7 	 212 	 0.186460 
7 	 213 	 0.201297 
7 	 214 	 0.192076 
7 	 215 	 0.138660 
7 	 216 	 0.138205 
7 	 217 	 0.124541 
7 	 218 	 0.151035 
7 	 219 	 0.151307 
7 	 220 	 0.131307 
7 	 221 	 0.169428 
7 	 222 	 0.127664 
7 	 223 	 0.147931 
7 	 224 	 0.185144 
7 	 225 	 0.191968 
7 	 226 	 0.190637 
7 	 227 	 0.172881 
7 	 228 	 0.175946 
7 	 229 	 0.156240 
7 	 230 	 0.193908 
7 	 231 	 0.193053 
7 	 232 	 0.168545 
7 	 233 	 0.162662 
7 	 234 	 0.127279 
7 	 235 	 0.255957 
7 	 236 	 0.187929 
7 	 237 	 0.167962 
7 	 238 	 0.133626 
7 	 239 	 0.185906 
7 	 240 	 0.162688 
7 	 241 	 0.118424 
7 	 242 	 0.137840 
7 	 243 	 0.157690 
7 	 244 	 0.180617 
7 	 245 	 0.243406 
7 	 246 	 0.163137 
7 	 247 	 0.148295 
7 	 248 	 0.157085 
7 	 249 	 0.153954 
7 	 250 	 0.169557 
7 	 251 	 0.211952 
7 	 252 	 0.224424 
7 	 253 	 0.167851 
7 	 254 	 0.162880 
7 	 255 	 0.176670 
8 	 0 	 0.195686 
8 	 1 	 0.155306 
8 	 2 	 0.136638 
8 	 3 	 0.124141 
8 	 4 	 0.130482 
8 	 5 	 0.231131 
8 	 6 	 0.206549 
8 	 7 	 0.241211 
8 	 8 	 0.177269 
8 	 9 	 0.177149 
8 	 10 	 0.282632 
8 	 11 	 0.216692 
8 	 12 	 0.120655 
8 	 13 	 0.113195 
8 	 14 	 0.203558 
8 	 15 	 0.192797 
8 	 16 	 0.198748 
8 	 17 	 0.140857 
8 	 18 	 0.189544 
8 	 19 	 0.188660 
8 	 20 	 0.287416 
8 	 21 	 0.122073 
8 	 22 	 0.145279 
8 	 23 	 0.226190 
8 	 24 	 0.180903 
8 	 25 	 0.271973 
8 	 26 	 0.228916 
8 	 27 	 0.193243 
8 	 28 	 0.132510 
8 	 29 	 0.151724 
8 	 30 	 0.143069 
8 	 31 	 0.145363 
8 	 32 	 0.150630 
8 	 33 	 0.141833 
8 	 34 	 0.180816 
8 	 35 	 0.179306 
8 	 36 	 0.136779 
8 	 37 	 0.214408 
8 	 38 	 0.184059 
8 	 39 	 0.161370 
8 	 40 	 0.147635 
8 	 41 	 0.127429 
8 	 42 	 0.139882 
8 	 43 	 0.168268 
8 	 44 	 0.187364 
8 	 45 	 0.159510 
8 	 46 	 0.187566 
8 	 47 	 0.156149 
8 	 48 	 0.202893 
8 	 49 	 0.187737 
8 	 50 	 0.123154 
8 	 51 	 0.141160 
8 	 52 	 0.140478 
8 	 53 	 0.157677 
8 	 54 	 0.162616 
8 	 55 	 0.160867 
8 	 56 	 0.139559 
8 	 57 	 0.206131 
8 	 58 	 0.206099 
8 	 59 	 0.116681 
8 	 60 	 0.174192 
8 	 61 	 0.136904 
8 	 62 	 0.164293 
8 	 63 	 0.184309 
8 	 64 	 0.210610 
8 	 65 	 0.218750 
8 	 66 	 0.146242 
8 	 67 	 0.182046 
8 	 68 	 0.146080 
8 	 69 	 0.169274 
8 	 70 	 0.167690 
8 	 71 	 0.154424 
8 	 72 	 0.157022 
8 	 73 	 0.123889 
8 	 74 	 0.162539 
8 	 75 	 0.191057 
8 	 76 	 0.132360 
8 	 77 	 0.128247 
8 	 78 	 0.153856 
8 	 79 	 0.133510 
8 	 80 	 0.130102 
8 	 81 	 0.140318 
8 	 82 	 0.133202 
8 	 83 	 0.164867 
8 	 84 	 0.137969 
8 	 85 	 0.149341 
8 	 86 	 0.162576 
8 	 87 	 0.161077 
8 	 88 	 0.190623 
8 	 89 	 0.173710 
8 	 90 	 0.138893 
8 	 91 	 0.151050 
8 	 92 	 0.154048 
8 	 93 	 0.152632 
8 	 94 	 0.204082 
8 	 95 	 0.201131 
8 	 96 	 0.188872 
8 	 97 	 0.203020 
8 	 98 	 0.150989 
8 	 99 	 0.226326 
8 	 100 	 0.179563 
8 	 101 	 0.145728 
8 	 102 	 0.244773 
8 	 103 	 0.184937 
8 	 104 	 0.162521 
8 	 105 	 0.134261 
8 	 106 	 0.180896 
8 	 107 	 0.177690 
8 	 108 	 0.134726 
8 	 109 	 0.109119 
8 	 110 	 0.164651 
8 	 111 	 0.177058 
8 	 112 	 0.170322 
8 	 113 	 0.154380 
8 	 114 	 0.157402 
8 	 115 	 0.148073 
8 	 116 	 0.176226 
8 	 117 	 0.122387 
8 	 118 	 0.156076 
8 	 119 	 0.128339 
8 	 120 	 0.139623 
8 	 121 	 0.139083 
8 	 122 	 0.171152 
8 	 123 	 0.160110 
8 	 124 	 0.189164 
8 	 125 	 0.194658 
8 	 126 	 0.193366 
8 	 127 	 0.146462 
8 	 128 	 0.187912 
8 	 129 	 0.162086 
8 	 130 	 0.161385 
8 	 131 	 0.192340 
8 	 132 	 0.162202 
8 	 133 	 0.178541 
8 	 134 	 0.140587 
8 	 135 	 0.251040 
8 	 136 	 0.713945 
8 	 137 	 0.660825 
8 	 138 	 0.250472 
8 	 139 	 0.165888 
8 	 140 	 0.190538 
8 	 141 	 0.166144 
8 	 142 	 0.211595 
8 	 143 	 0.155252 
8 	 144 	 0.139765 
8 	 145 	 0.132686 
8 	 146 	 0.163261 
8 	 147 	 0.206402 
8 	 148 	 0.160193 
8 	 149 	 0.187259 
8 	 150 	 0.153526 
8 	 151 	 0.152146 
8 	 152 	 0.150877 
8 	 153 	 0.186126 
8 	 154 	 0.176410 
8 	 155 	 0.151462 
8 	 156 	 0.186710 
8 	 157 	 0.232632 
8 	 158 	 0.223521 
8 	 159 	 0.153579 
8 	 160 	 0.167991 
8 	 161 	 0.158101 
8 	 162 	 0.220057 
8 	 163 	 0.157718 
8 	 164 	 0.121839 
8 	 165 	 0.159565 
8 	 166 	 0.160028 
8 	 167 	 0.146627 
8 	 168 	 0.172342 
8 	 169 	 0.158251 
8 	 170 	 0.126094 
8 	 171 	 0.152923 
8 	 172 	 0.207900 
8 	 173 	 0.163299 
8 	 174 	 0.179757 
8 	 175 	 0.204320 
8 	 176 	 0.185777 
8 	 177 	 0.205434 
8 	 178 	 0.159664 
8 	 179 	 0.142268 
8 	 180 	 0.146684 
8 	 181 	 0.200131 
8 	 182 	 0.154202 
8 	 183 	 0.141095 
8 	 184 	 0.177359 
8 	 185 	 0.183589 
8 	 186 	 0.209387 
8 	 187 	 0.221918 
8 	 188 	 0.199401 
8 	 189 	 0.188421 
8 	 190 	 0.171496 
8 	 191 	 0.161579 
8 	 192 	 0.130086 
8 	 193 	 0.178881 
8 	 194 	 0.148906 
8 	 195 	 0.270408 
8 	 196 	 0.248054 
8 	 197 	 0.222155 
8 	 198 	 0.141672 
8 	 199 	 0.256923 
8 	 200 	 0.144840 
8 	 201 	 0.162520 
8 	 202 	 0.133814 
8 	 203 	 0.145862 
8 	 204 	 0.134394 
8 	 205 	 0.201640 
8 	 206 	 0.134557 
8 	 207 	 0.200113 
8 	 208 	 0.147329 
8 	 209 	 0.120263 
8 	 210 	 0.158873 
8 	 211 	 0.216566 
8 	 212 	 0.151266 
8 	 213 	 0.173891 
8 	 214 	 0.137714 
8 	 215 	 0.168298 
8 	 216 	 0.160998 
8 	 217 	 0.151508 
8 	 218 	 0.140402 
8 	 219 	 0.183008 
8 	 220 	 0.151189 
8 	 221 	 0.158473 
8 	 222 	 0.185718 
8 	 223 	 0.130288 
8 	 224 	 0.151498 
8 	 225 	 0.206053 
8 	 226 	 0.205573 
8 	 227 	 0.136678 
8 	 228 	 0.189767 
8 	 229 	 0.197784 
8 	 230 	 0.151061 
8 	 231 	 0.188018 
8 	 232 	 0.179753 
8 	 233 	 0.146816 
8 	 234 	 0.163061 
8 	 235 	 0.127608 
8 	 236 	 0.141003 
8 	 237 	 0.182130 
8 	 238 	 0.137935 
8 	 239 	 0.183737 
8 	 240 	 0.160732 
8 	 241 	 0.164640 
8 	 242 	 0.149238 
8 	 243 	 0.186172 
8 	 244 	 0.165291 
8 	 245 	 0.146653 
8 	 246 	 0.196352 
8 	 247 	 0.159154 
8 	 248 	 0.252118 
8 	 249 	 0.144471 
8 	 250 	 0.221332 
8 	 251 	 0.199086 
8 	 252 	 0.164835 
8 	 253 	 0.257748 
8 	 254 	 0.153741 
8 	 255 	 0.190347 
9 	 0 	 0.210205 
9 	 1 	 0.144153 
9 	 2 	 0.131373 
9 	 3 	 0.159274 
9 	 4 	 0.160407 
9 	 5 	 0.218694 
9 	 6 	 0.146361 
9 	 7 	 0.143395 
9 	 8 	 0.156778 
9 	 9 	 0.200592 
9 	 10 	 0.172389 
9 	 11 	 0.181983 
9 	 12 	 0.259036 
9 	 13 	 0.131574 
9 	 14 	 0.136617 
9 	 15 	 0.186192 
9 	 16 	 0.144934 
9 	 17 	 0.164537 
9 	 18 	 0.135631 
9 	 19 	 0.143883 
9 	 20 	 0.202071 
9 	 21 	 0.166200 
9 	 22 	 0.158556 
9 	 23 	 0.173790 
9 	 24 	 0.185018 
9 	 25 	 0.150912 
9 	 26 	 0.205241 
9 	 27 	 0.196810 
9 	 28 	 0.145487 
9 	 29 	 0.154844 
9 	 30 	 0.168362 
9 	 31 	 0.122777 
9 	 32 	 0.144548 
9 	 33 	 0.161986 
9 	 34 	 0.166293 
9 	 35 	 0.175117 
9 	 36 	 0.211272 
9 	 37 	 0.182023 
9 	 38 	 0.156767 
9 	 39 	 0.156268 
9 	 40 	 0.184731 
9 	 41 	 0.191002 
9 	 42 	 0.147139 
9 	 43 	 0.177286 
9 	 44 	 0.190448 
9 	 45 	 0.142930 
9 	 46 	 0.152093 
9 	 47 	 0.163621 
9 	 48 	 0.144562 
9 	 49 	 0.169824 
9 	 50 	 0.140604 
9 	 51 	 0.158840 
9 	 52 	 0.150531 
9 	 53 	 0.195346 
9 	 54 	 0.163069 
9 	 55 	 0.141284 
9 	 56 	 0.156682 
9 	 57 	 0.111491 
9 	 58 	 0.179929 
9 	 59 	 0.237822 
9 	 60 	 0.237528 
9 	 61 	 0.153792 
9 	 62 	 0.177658 
9 	 63 	 0.167777 
9 	 64 	 0.137531 
9 	 65 	 0.161524 
9 	 66 	 0.178113 
9 	 67 	 0.142348 
9 	 68 	 0.142682 
9 	 69 	 0.134734 
9 	 70 	 0.196272 
9 	 71 	 0.146744 
9 	 72 	 0.170944 
9 	 73 	 0.159506 
9 	 74 	 0.204336 
9 	 75 	 0.159177 
9 	 76 	 0.158334 
9 	 77 	 0.184715 
9 	 78 	 0.153288 
9 	 79 	 0.177169 
9 	 80 	 0.139020 
9 	 81 	 0.141311 
9 	 82 	 0.208388 
9 	 83 	 0.161795 
9 	 84 	 0.140727 
9 	 85 	 0.160707 
9 	 86 	 0.169067 
9 	 87 	 0.176817 
9 	 88 	 0.156248 
9 	 89 	 0.171751 
9 	 90 	 0.133341 
9 	 91 	 0.181659 
9 	 92 	 0.161436 
9 	 93 	 0.145907 
9 	 94 	 0.193059 
9 	 95 	 0.177452 
9 	 96 	 0.155752 
9 	 97 	 0.145668 
9 	 98 	 0.163241 
9 	 99 	 0.173533 
9 	 100 	 0.157436 
9 	 101 	 0.211113 
9 	 102 	 0.168874 
9 	 103 	 0.135204 
9 	 104 	 0.173931 
9 	 105 	 0.193282 
9 	 106 	 0.138795 
9 	 107 	 0.232467 
9 	 108 	 0.149109 
9 	 109 	 0.211772 
9 	 110 	 0.153735 
9 	 111 	 0.189634 
9 	 112 	 0.170918 
9 	 113 	 0.140622 
9 	 114 	 0.171784 
9 	 115 	 0.185271 
9 	 116 	 0.180974 
9 	 117 	 0.180738 
9 	 118 	 0.246090 
9 	 119 	 0.164737 
9 	 120 	 0.143633 
9 	 121 	 0.172572 
9 	 122 	 0.159019 
9 	 123 	 0.148324 
9 	 124 	 0.151375 
9 	 125 	 0.192914 
9 	 126 	 0.172980 
9 	 127 	 0.134160 
9 	 128 	 0.165847 
9 	 129 	 0.173094 
9 	 130 	 0.147393 
9 	 131 	 0.168730 
9 	 132 	 0.133949 
9 	 133 	 0.146253 
9 	 134 	 0.188294 
9 	 135 	 0.193037 
9 	 136 	 0.187591 
9 	 137 	 0.150539 
9 	 138 	 0.188905 
9 	 139 	 0.139815 
9 	 140 	 0.220935 
9 	 141 	 0.202683 
9 	 142 	 0.145261 
9 	 143 	 0.176226 
9 	 144 	 0.205823 
9 	 145 	 0.166020 
9 	 146 	 0.323644 
9 	 147 	 0.239839 
9 	 148 	 0.185797 
9 	 149 	 0.164496 
9 	 150 	 0.211441 
9 	 151 	 0.165809 
9 	 152 	 0.604786 
9 	 153 	 0.748155 
9 	 154 	 0.146644 
9 	 155 	 0.154893 
9 	 156 	 0.152361 
9 	 157 	 0.147008 
9 	 158 	 0.148472 
9 	 159 	 0.257317 
9 	 160 	 0.135117 
9 	 161 	 0.173304 
9 	 162 	 0.236803 
9 	 163 	 0.164943 
9 	 164 	 0.205946 
9 	 165 	 0.186749 
9 	 166 	 0.201040 
9 	 167 	 0.244388 
9 	 168 	 0.126935 
9 	 169 	 0.153575 
9 	 170 	 0.207238 
9 	 171 	 0.224983 
9 	 172 	 0.253106 
9 	 173 	 0.146432 
9 	 174 	 0.174689 
9 	 175 	 0.157827 
9 	 176 	 0.220979 
9 	 177 	 0.173616 
9 	 178 	 0.150168 
9 	 179 	 0.163374 
9 	 180 	 0.196804 
9 	 181 	 0.140319 
9 	 182 	 0.136845 
9 	 183 	 0.204154 
9 	 184 	 0.204363 
9 	 185 	 0.122223 
9 	 186 	 0.176587 
9 	 187 	 0.122233 
9 	 188 	 0.170936 
9 	 189 	 0.214088 
9 	 190 	 0.145781 
9 	 191 	 0.210457 
9 	 192 	 0.179476 
9 	 193 	 0.160470 
9 	 194 	 0.173181 
9 	 195 	 0.174604 
9 	 196 	 0.158300 
9 	 197 	 0.195506 
9 	 198 	 0.126208 
9 	 199 	 0.170513 
9 	 200 	 0.152197 
9 	 201 	 0.181702 
9 	 202 	 0.170440 
9 	 203 	 0.138406 
9 	 204 	 0.170499 
9 	 205 	 0.132977 
9 	 206 	 0.167546 
9 	 207 	 0.207335 
9 	 208 	 0.145605 
9 	 209 	 0.171172 
9 	 210 	 0.198137 
9 	 211 	 0.145130 
9 	 212 	 0.247832 
9 	 213 	 0.165996 
9 	 214 	 0.234436 
9 	 215 	 0.144698 
9 	 216 	 0.205966 
9 	 217 	 0.138557 
9 	 218 	 0.142348 
9 	 219 	 0.118769 
9 	 220 	 0.168483 
9 	 221 	 0.112788 
9 	 222 	 0.207818 
9 	 223 	 0.155734 
9 	 224 	 0.132756 
9 	 225 	 0.151042 
9 	 226 	 0.126050 
9 	 227 	 0.172136 
9 	 228 	 0.208590 
9 	 229 	 0.180806 
9 	 230 	 0.163475 
9 	 231 	 0.150953 
9 	 232 	 0.161189 
9 	 233 	 0.180559 
9 	 234 	 0.152589 
9 	 235 	 0.118913 
9 	 236 	 0.144230 
9 	 237 	 0.183383 
9 	 238 	 0.176142 
9 	 239 	 0.197499 
9 	 240 	 0.186434 
9 	 241 	 0.154813 
9 	 242 	 0.144674 
9 	 243 	 0.197295 
9 	 244 	 0.196641 
9 	 245 	 0.177589 
9 	 246 	 0.129573 
9 	 247 	 0.169013 
9 	 248 	 0.147938 
9 	 249 	 0.137313 
9 	 250 	 0.198196 
9 	 251 	 0.149651 
9 	 252 	 0.182929 
9 	 253 	 0.138272 
9 	 254 	 0.174187 
9 	 255 	 0.190240 
10 	 0 	 0.163896 
10 	 1 	 0.167909 
10 	 2 	 0.148547 
10 	 3 	 0.201949 
10 	 4 	 0.201460 
10 	 5 	 0.235944 
10 	 6 	 0.145406 
10 	 7 	 0.104701 
10 	 8 	 0.149006 
10 	 9 	 0.113923 
10 	 10 	 0.189785 
10 	 11 	 0.132433 
10 	 12 	 0.141604 
10 	 13 	 0.197912 
10 	 14 	 0.167393 
10 	 15 	 0.154748 
10 	 16 	 0.122318 
10 	 17 	 0.132318 
10 	 18 	 0.167493 
10 	 19 	 0.156643 
10 	 20 	 0.167953 
10 	 21 	 0.146261 
10 	 22 	 0.171912 
10 	 23 	 0.165674 
10 	 24 	 0.152400 
10 	 25 	 0.178561 
10 	 26 	 0.220347 
10 	 27 	 0.144920 
10 	 28 	 0.198324 
10 	 29 	 0.212609 
10 	 30 	 0.193083 
10 	 31 	 0.135727 
10 	 32 	 0.154166 
10 	 33 	 0.188865 
10 	 34 	 0.182153 
10 	 35 	 0.186822 
10 	 36 	 0.156850 
10 	 37 	 0.218433 
10 	 38 	 0.173042 
10 	 39 	 0.155210 
10 	 40 	 0.252339 
10 	 41 	 0.165878 
10 	 42 	 0.195847 
10 	 43 	 0.195620 
10 	 44 	 0.124245 
10 	 45 	 0.164953 
10 	 46 	 0.158939 
10 	 47 	 0.150174 
10 	 48 	 0.126532 
10 	 49 	 0.142227 
10 	 50 	 0.147977 
10 	 51 	 0.181602 
10 	 52 	 0.150258 
10 	 53 	 0.171032 
10 	 54 	 0.244968 
10 	 55 	 0.154956 
10 	 56 	 0.176072 
10 	 57 	 0.131735 
10 	 58 	 0.205584 
10 	 59 	 0.173308 
10 	 60 	 0.173563 
10 	 61 	 0.140960 
10 	 62 	 0.194794 
10 	 63 	 0.149200 
10 	 64 	 0.249538 
10 	 65 	 0.168431 
10 	 66 	 0.197372 
10 	 67 	 0.154015 
10 	 68 	 0.215882 
10 	 69 	 0.173473 
10 	 70 	 0.166044 
10 	 71 	 0.157923 
10 	 72 	 0.142415 
10 	 73 	 0.126650 
10 	 74 	 0.176068 
10 	 75 	 0.136041 
10 	 76 	 0.206622 
10 	 77 	 0.151292 
10 	 78 	 0.199812 
10 	 79 	 0.144949 
10 	 80 	 0.140168 
10 	 81 	 0.138874 
10 	 82 	 0.195710 
10 	 83 	 0.136108 
10 	 84 	 0.160867 
10 	 85 	 0.136802 
10 	 86 	 0.176910 
10 	 87 	 0.201429 
10 	 88 	 0.143876 
10 	 89 	 0.158024 
10 	 90 	 0.188127 
10 	 91 	 0.139581 
10 	 92 	 0.183103 
10 	 93 	 0.138146 
10 	 94 	 0.177619 
10 	 95 	 0.167276 
10 	 96 	 0.146868 
10 	 97 	 0.156969 
10 	 98 	 0.185942 
10 	 99 	 0.145452 
10 	 100 	 0.165700 
10 	 101 	 0.193046 
10 	 102 	 0.152648 
10 	 103 	 0.127242 
10 	 104 	 0.163030 
10 	 105 	 0.162190 
10 	 106 	 0.174838 
10 	 107 	 0.158669 
10 	 108 	 0.161973 
10 	 109 	 0.166380 
10 	 110 	 0.132944 
10 	 111 	 0.149692 
10 	 112 	 0.193511 
10 	 113 	 0.133618 
10 	 114 	 0.160963 
10 	 115 	 0.178238 
10 	 116 	 0.168695 
10 	 117 	 0.142864 
10 	 118 	 0.151655 
10 	 119 	 0.202541 
10 	 120 	 0.121803 
10 	 121 	 0.147296 
10 	 122 	 0.213165 
10 	 123 	 0.154864 
10 	 124 	 0.211870 
10 	 125 	 0.167075 
10 	 126 	 0.147601 
10 	 127 	 0.227328 
10 	 128 	 0.126931 
10 	 129 	 0.161892 
10 	 130 	 0.135665 
10 	 131 	 0.156551 
10 	 132 	 0.171966 
10 	 133 	 0.159487 
10 	 134 	 0.146498 
10 	 135 	 0.140798 
10 	 136 	 0.137835 
10 	 137 	 0.135699 
10 	 138 	 0.184393 
10 	 139 	 0.144894 
10 	 140 	 0.182950 
10 	 141 	 0.187866 
10 	 142 	 0.152342 
10 	 143 	 0.226201 
10 	 144 	 0.145553 
10 	 145 	 0.212057 
10 	 146 	 0.167131 
10 	 147 	 0.153478 
10 	 148 	 0.223623 
10 	 149 	 0.177403 
10 	 150 	 0.139614 
10 	 151 	 0.200877 
10 	 152 	 0.197470 
10 	 153 	 0.151870 
10 	 154 	 0.178602 
10 	 155 	 0.153862 
10 	 156 	 0.165725 
10 	 157 	 0.133794 
10 	 158 	 0.189807 
10 	 159 	 0.207915 
10 	 160 	 0.171280 
10 	 161 	 0.219088 
10 	 162 	 0.125631 
10 	 163 	 0.207521 
10 	 164 	 0.160379 
10 	 165 	 0.165711 
10 	 166 	 0.111557 
10 	 167 	 0.177000 
10 	 168 	 0.146074 
10 	 169 	 0.173859 
10 	 170 	 0.699785 
10 	 171 	 0.658877 
10 	 172 	 0.175307 
10 	 173 	 0.216936 
10 	 174 	 0.138311 
10 	 175 	 0.172305 
10 	 176 	 0.191721 
10 	 177 	 0.162178 
10 	 178 	 0.146197 
10 	 179 	 0.136748 
10 	 180 	 0.138774 
10 	 181 	 0.178134 
10 	 182 	 0.201898 
10 	 183 	 0.142971 
10 	 184 	 0.164542 
10 	 185 	 0.192903 
10 	 186 	 0.204391 
10 	 187 	 0.201434 
10 	 188 	 0.183934 
10 	 189 	 0.228441 
10 	 190 	 0.170645 
10 	 191 	 0.171855 
10 	 192 	 0.141467 
10 	 193 	 0.191450 
10 	 194 	 0.151651 
10 	 195 	 0.221699 
10 	 196 	 0.158746 
10 	 197 	 0.165334 
10 	 198 	 0.169737 
10 	 199 	 0.182318 
10 	 200 	 0.169336 
10 	 201 	 0.185313 
10 	 202 	 0.154270 
10 	 203 	 0.150612 
10 	 204 	 0.162926 
10 	 205 	 0.129318 
10 	 206 	 0.171642 
10 	 207 	 0.181152 
10 	 208 	 0.134453 
10 	 209 	 0.163848 
10 	 210 	 0.144797 
10 	 211 	 0.177012 
10 	 212 	 0.123414 
10 	 213 	 0.171246 
10 	 214 	 0.182907 
10 	 215 	 0.163058 
10 	 216 	 0.204284 
10 	 217 	 0.150421 
10 	 218 	 0.146640 
10 	 219 	 0.156278 
10 	 220 	 0.173306 
10 	 221 	 0.185918 
10 	 222 	 0.234827 
10 	 223 	 0.178846 
10 	 224 	 0.168704 
10 	 225 	 0.168689 
10 	 226 	 0.147535 
10 	 227 	 0.209001 
10 	 228 	 0.141806 
10 	 229 	 0.221971 
10 	 230 	 0.144018 
10 	 231 	 0.203677 
10 	 232 	 0.116706 
10 	 233 	 0.164787 
10 	 234 	 0.139998 
10 	 235 	 0.159394 
10 	 236 	 0.156439 
10 	 237 	 0.142185 
10 	 238 	 0.151457 
10 	 239 	 0.148219 
10 	 240 	 0.157027 
10 	 241 	 0.153261 
10 	 242 	 0.141786 
10 	 243 	 0.146197 
10 	 244 	 0.138491 
10 	 245 	 0.169723 
10 	 246 	 0.145546 
10 	 247 	 0.186880 
10 	 248 	 0.207243 
10 	 249 	 0.129896 
10 	 250 	 0.161363 
10 	 251 	 0.171167 
10 	 252 	 0.159257 
10 	 253 	 0.155204 
10 	 254 	 0.199400 
10 	 255 	 0.192355 
11 	 0 	 0.132621 
11 	 1 	 0.206022 
11 	 2 	 0.157492 
11 	 3 	 0.204493 
11 	 4 	 0.155463 
11 	 5 	 0.166992 
11 	 6 	 0.180338 
11 	 7 	 0.192721 
11 	 8 	 0.144273 
11 	 9 	 0.179392 
11 	 10 	 0.163089 
11 	 11 	 0.170341 
11 	 12 	 0.121169 
11 	 13 	 0.138569 
11 	 14 	 0.141734 
11 	 15 	 0.146246 
11 	 16 	 0.176968 
11 	 17 	 0.159973 
11 	 18 	 0.152491 
11 	 19 	 0.199567 
11 	 20 	 0.161647 
11 	 21 	 0.145086 
11 	 22 	 0.153311 
11 	 23 	 0.174521 
11 	 24 	 0.128363 
11 	 25 	 0.153989 
11 	 26 	 0.166353 
11 	 27 	 0.178262 
11 	 28 	 0.203320 
11 	 29 	 0.220288 
11 	 30 	 0.167191 
11 	 31 	 0.159908 
11 	 32 	 0.116142 
11 	 33 	 0.168085 
11 	 34 	 0.171392 
11 	 35 	 0.161049 
11 	 36 	 0.208023 
11 	 37 	 0.154740 
11 	 38 	 0.134642 
11 	 39 	 0.230399 
11 	 40 	 0.195345 
11 	 41 	 0.164449 
11 	 42 	 0.173075 
11 	 43 	 0.193483 
11 	 44 	 0.165581 
11 	 45 	 0.160520 
11 	 46 	 0.186558 
11 	 47 	 0.215635 
11 	 48 	 0.146483 
11 	 49 	 0.176762 
11 	 50 	 0.188892 
11 	 51 	 0.152797 
11 	 52 	 0.217418 
11 	 53 	 0.206185 
11 	 54 	 0.153548 
11 	 55 	 0.125851 
11 	 56 	 0.244237 
11 	 57 	 0.186678 
11 	 58 	 0.158256 
11 	 59 	 0.253537 
11 	 60 	 0.140469 
11 	 61 	 0.152417 
11 	 62 	 0.141376 
11 	 63 	 0.128551 
11 	 64 	 0.149914 
11 	 65 	 0.138142 
11 	 66 	 0.168042 
11 	 67 	 0.194202 
11 	 68 	 0.147187 
11 	 69 	 0.165091 
11 	 70 	 0.135236 
11 	 71 	 0.182563 
11 	 72 	 0.197807 
11 	 73 	 0.177759 
11 	 74 	 0.200103 
11 	 75 	 0.189629 
11 	 76 	 0.162770 
11 	 77 	 0.188374 
11 	 78 	 0.180971 
11 	 79 	 0.143470 
11 	 80 	 0.169710 
11 	 81 	 0.181290 
11 	 82 	 0.147798 
11 	 83 	 0.241984 
11 	 84 	 0.224198 
11 	 85 	 0.252338 
11 	 86 	 0.182854 
11 	 87 	 0.174060 
11 	 88 	 0.137973 
11 	 89 	 0.123185 
11 	 90 	 0.154104 
11 	 91 	 0.139316 
11 	 92 	 0.175943 
11 	 93 	 0.158186 
11 	 94 	 0.142654 
11 	 95 	 0.182245 
11 	 96 	 0.168592 
11 	 97 	 0.167832 
11 	 98 	 0.186614 
11 	 99 	 0.156762 
11 	 100 	 0.185978 
11 	 101 	 0.127626 
11 	 102 	 0.121307 
11 	 103 	 0.152600 
11 	 104 	 0.163298 
11 	 105 	 0.166986 
11 	 106 	 0.139011 
11 	 107 	 0.193810 
11 	 108 	 0.194813 
11 	 109 	 0.195953 
11 	 110 	 0.162287 
11 	 111 	 0.163818 
11 	 112 	 0.125251 
11 	 113 	 0.187410 
11 	 114 	 0.191941 
11 	 115 	 0.158856 
11 	 116 	 0.164102 
11 	 117 	 0.132130 
11 	 118 	 0.195559 
11 	 119 	 0.186575 
11 	 120 	 0.209143 
11 	 121 	 0.147384 
11 	 122 	 0.174676 
11 	 123 	 0.124837 
11 	 124 	 0.174574 
11 	 125 	 0.199830 
11 	 126 	 0.127195 
11 	 127 	 0.153449 
11 	 128 	 0.204842 
11 	 129 	 0.197986 
11 	 130 	 0.191685 
11 	 131 	 0.142774 
11 	 132 	 0.164355 
11 	 133 	 0.151235 
11 	 134 	 0.253377 
11 	 135 	 0.146321 
11 	 136 	 0.133307 
11 	 137 	 0.188867 
11 	 138 	 0.150239 
11 	 139 	 0.136683 
11 	 140 	 0.234833 
11 	 141 	 0.154041 
11 	 142 	 0.221538 
11 	 143 	 0.222213 
11 	 144 	 0.256242 
11 	 145 	 0.203441 
11 	 146 	 0.221277 
11 	 147 	 0.225068 
11 	 148 	 0.183521 
11 	 149 	 0.185387 
11 	 150 	 0.162002 
11 	 151 	 0.154928 
11 	 152 	 0.181332 
11 	 153 	 0.144892 
11 	 154 	 0.252186 
11 	 155 	 0.149919 
11 	 156 	 0.129392 
11 	 157 	 0.139094 
11 	 158 	 0.157746 
11 	 159 	 0.167872 
11 	 160 	 0.164043 
11 	 161 	 0.179481 
11 	 162 	 0.144423 
11 	 163 	 0.138370 
11 	 164 	 0.200513 
11 	 165 	 0.148062 
11 	 166 	 0.126450 
11 	 167 	 0.191757 
11 	 168 	 0.250406 
11 	 169 	 0.140593 
11 	 170 	 0.187617 
11 	 171 	 0.180579 
11 	 172 	 0.153217 
11 	 173 	 0.228867 
11 	 174 	 0.178754 
11 	 175 	 0.202936 
11 	 176 	 0.196304 
11 	 177 	 0.198061 
11 	 178 	 0.155437 
11 	 179 	 0.151626 
11 	 180 	 0.156576 
11 	 181 	 0.186948 
11 	 182 	 0.189670 
11 	 183 	 0.161340 
11 	 184 	 0.164754 
11 	 185 	 0.194300 
11 	 186 	 0.648424 
11 	 187 	 0.727032 
11 	 188 	 0.170356 
11 	 189 	 0.183229 
11 	 190 	 0.238040 
11 	 191 	 0.141787 
11 	 192 	 0.190715 
11 	 193 	 0.165808 
11 	 194 	 0.187591 
11 	 195 	 0.177870 
11 	 196 	 0.146126 
11 	 197 	 0.144054 
11 	 198 	 0.233537 
11 	 199 	 0.148540 
11 	 200 	 0.149282 
11 	 201 	 0.202792 
11 	 202 	 0.173976 
11 	 203 	 0.160432 
11 	 204 	 0.128530 
11 	 205 	 0.164259 
11 	 206 	 0.189910 
11 	 207 	 0.158134 
11 	 208 	 0.156207 
11 	 209 	 0.139255 
11 	 210 	 0.165175 
11 	 211 	 0.188454 
11 	 212 	 0.201440 
11 	 213 	 0.162924 
11 	 214 	 0.151418 
11 	 215 	 0.203044 
11 	 216 	 0.167715 
11 	 217 	 0.185834 
11 	 218 	 0.163439 
11 	 219 	 0.172174 
11 	 220 	 0.146925 
11 	 221 	 0.162123 
11 	 222 	 0.156326 
11 	 223 	 0.140633 
11 	 224 	 0.158725 
11 	 225 	 0.178174 
11 	 226 	 0.147146 
11 	 227 	 0.180926 
11 	 228 	 0.147373 
11 	 229 	 0.181768 
11 	 230 	 0.118555 
11 	 231 	 0.163255 
11 	 232 	 0.214208 
11 	 233 	 0.156749 
11 	 234 	 0.185663 
11 	 235 	 0.121962 
11 	 236 	 0.190565 
11 	 237 	 0.126918 
11 	 238 	 0.255033 
11 	 239 	 0.171776 
11 	 240 	 0.242735 
11 	 241 	 0.196307 
11 	 242 	 0.200815 
11 	 243 	 0.168562 
11 	 244 	 0.150025 
11 	 245 	 0.174202 
11 	 246 	 0.241851 
11 	 247 	 0.144930 
11 	 248 	 0.234953 
11 	 249 	 0.181914 
11 	 250 	 0.162861 
11 	 251 	 0.147712 
11 	 252 	 0.187807 
11 	 253 	 0.144296 
11 	 254 	 0.207565 
11 	 255 	 0.157948 
12 	 0 	 0.148401 
12 	 1 	 0.188585 
12 	 2 	 0.154601 
12 	 3 	 0.147087 
12 	 4 	 0.150606 
12 	 5 	 0.244982 
12 	 6 	 0.184491 
12 	 7 	 0.196494 
12 	 8 	 0.140256 
12 	 9 	 0.173854 
12 	 10 	 0.148244 
12 	 11 	 0.159332 
12 	 12 	 0.120555 
12 	 13 	 0.154244 
12 	 14 	 0.182158 
12 	 15 	 0.195106 
12 	 16 	 0.187516 
12 	 17 	 0.139218 
12 	 18 	 0.165105 
12 	 19 	 0.156845 
12 	 20 	 0.143904 
12 	 21 	 0.159305 
12 	 22 	 0.171552 
12 	 23 	 0.141624 
12 	 24 	 0.247858 
12 	 25 	 0.216517 
12 	 26 	 0.207408 
12 	 27 	 0.160545 
12 	 28 	 0.182065 
12 	 29 	 0.157636 
12 	 30 	 0.150902 
12 	 31 	 0.180186 
12 	 32 	 0.152305 
12 	 33 	 0.129192 
12 	 34 	 0.265278 
12 	 35 	 0.214092 
12 	 36 	 0.133378 
12 	 37 	 0.135999 
12 	 38 	 0.176783 
12 	 39 	 0.149009 
12 	 40 	 0.199945 
12 	 41 	 0.178045 
12 	 42 	 0.173804 
12 	 43 	 0.152714 
12 	 44 	 0.157641 
12 	 45 	 0.156118 
12 	 46 	 0.177599 
12 	 47 	 0.166191 
12 	 48 	 0.193848 
12 	 49 	 0.108905 
12 	 50 	 0.121151 
12 	 51 	 0.142293 
12 	 52 	 0.130616 
12 	 53 	 0.121014 
12 	 54 	 0.169093 
12 	 55 	 0.179253 
12 	 56 	 0.164801 
12 	 57 	 0.269575 
12 	 58 	 0.215613 
12 	 59 	 0.153215 
12 	 60 	 0.137936 
12 	 61 	 0.159448 
12 	 62 	 0.210869 
12 	 63 	 0.160193 
12 	 64 	 0.144594 
12 	 65 	 0.188038 
12 	 66 	 0.140114 
12 	 67 	 0.203994 
12 	 68 	 0.197121 
12 	 69 	 0.166101 
12 	 70 	 0.159271 
12 	 71 	 0.213025 
12 	 72 	 0.148910 
12 	 73 	 0.188988 
12 	 74 	 0.149557 
12 	 75 	 0.156780 
12 	 76 	 0.239153 
12 	 77 	 0.157279 
12 	 78 	 0.184109 
12 	 79 	 0.223827 
12 	 80 	 0.253809 
12 	 81 	 0.177735 
12 	 82 	 0.189446 
12 	 83 	 0.147823 
12 	 84 	 0.173626 
12 	 85 	 0.146945 
12 	 86 	 0.138845 
12 	 87 	 0.206432 
12 	 88 	 0.249274 
12 	 89 	 0.158696 
12 	 90 	 0.250845 
12 	 91 	 0.141446 
12 	 92 	 0.169808 
12 	 93 	 0.149921 
12 	 94 	 0.128584 
12 	 95 	 0.166603 
12 	 96 	 0.161118 
12 	 97 	 0.178252 
12 	 98 	 0.181943 
12 	 99 	 0.171844 
12 	 100 	 0.217515 
12 	 101 	 0.151324 
12 	 102 	 0.170299 
12 	 103 	 0.136866 
12 	 104 	 0.178887 
12 	 105 	 0.137072 
12 	 106 	 0.158126 
12 	 107 	 0.199334 
12 	 108 	 0.148622 
12 	 109 	 0.161038 
12 	 110 	 0.146591 
12 	 111 	 0.156586 
12 	 112 	 0.161505 
12 	 113 	 0.172202 
12 	 114 	 0.163740 
12 	 115 	 0.229956 
12 	 116 	 0.174255 
12 	 117 	 0.153054 
12 	 118 	 0.193918 
12 	 119 	 0.147513 
12 	 120 	 0.169466 
12 	 121 	 0.133099 
12 	 122 	 0.143965 
12 	 123 	 0.131672 
12 	 124 	 0.186507 
12 	 125 	 0.198306 
12 	 126 	 0.168365 
12 	 127 	 0.159304 
12 	 128 	 0.189670 
12 	 129 	 0.215670 
12 	 130 	 0.183149 
12 	 131 	 0.193323 
12 	 132 	 0.180485 
12 	 133 	 0.206067 
12 	 134 	 0.206820 
12 	 135 	 0.215572 
12 	 136 	 0.133699 
12 	 137 	 0.185295 
12 	 138 	 0.143561 
12 	 139 	 0.211657 
12 	 140 	 0.150243 
12 	 141 	 0.142825 
12 	 142 	 0.112262 
12 	 143 	 0.170298 
12 	 144 	 0.149430 
12 	 145 	 0.125558 
12 	 146 	 0.161933 
12 	 147 	 0.143723 
12 	 148 	 0.160334 
12 	 149 	 0.198247 
12 	 150 	 0.139503 
12 	 151 	 0.145853 
12 	 152 	 0.130639 
12 	 153 	 0.176947 
12 	 154 	 0.135451 
12 	 155 	 0.167892 
12 	 156 	 0.126464 
12 	 157 	 0.176054 
12 	 158 	 0.188794 
12 	 159 	 0.128731 
12 	 160 	 0.172810 
12 	 161 	 0.166116 
12 	 162 	 0.130850 
12 	 163 	 0.164219 
12 	 164 	 0.140836 
12 	 165 	 0.164877 
12 	 166 	 0.164006 
12 	 167 	 0.195783 
12 	 168 	 0.143874 
12 	 169 	 0.198931 
12 	 170 	 0.159423 
12 	 171 	 0.173192 
12 	 172 	 0.164935 
12 	 173 	 0.137872 
12 	 174 	 0.172674 
12 	 175 	 0.130374 
12 	 176 	 0.194329 
12 	 177 	 0.234914 
12 	 178 	 0.142015 
12 	 179 	 0.162912 
12 	 180 	 0.149653 
12 	 181 	 0.127284 
12 	 182 	 0.162664 
12 	 183 	 0.171728 
12 	 184 	 0.221523 
12 	 185 	 0.285085 
12 	 186 	 0.199328 
12 	 187 	 0.178844 
12 	 188 	 0.192583 
12 	 189 	 0.132974 
12 	 190 	 0.198191 
12 	 191 	 0.183177 
12 	 192 	 0.138794 
12 	 193 	 0.173305 
12 	 194 	 0.164631 
12 	 195 	 0.269637 
12 	 196 	 0.148349 
12 	 197 	 0.161923 
12 	 198 	 0.212815 
12 	 199 	 0.199205 
12 	 200 	 0.128276 
12 	 201 	 0.148468 
12 	 202 	 0.232022 
12 	 203 	 0.201060 
12 	 204 	 0.710672 
12 	 205 	 0.632833 
12 	 206 	 0.142324 
12 	 207 	 0.192686 
12 	 208 	 0.163876 
12 	 209 	 0.188750 
12 	 210 	 0.157023 
12 	 211 	 0.221816 
12 	 212 	 0.164414 
12 	 213 	 0.148715 
12 	 214 	 0.188710 
12 	 215 	 0.170878 
12 	 216 	 0.156562 
12 	 217 	 0.180794 
12 	 218 	 0.173072 
12 	 219 	 0.148134 
12 	 220 	 0.165252 
12 	 221 	 0.179781 
12 	 222 	 0.161966 
12 	 223 	 0.205553 
12 	 224 	 0.130461 
12 	 225 	 0.211208 
12 	 226 	 0.149651 
12 	 227 	 0.163635 
12 	 228 	 0.156852 
12 	 229 	 0.204737 
12 	 230 	 0.190211 
12 	 231 	 0.215993 
12 	 232 	 0.154891 
12 	 233 	 0.176454 
12 	 234 	 0.170067 
12 	 235 	 0.151960 
12 	 236 	 0.142413 
12 	 237 	 0.201930 
12 	 238 	 0.147005 
12 	 239 	 0.167730 
12 	 240 	 0.205549 
12 	 241 	 0.161589 
12 	 242 	 0.204597 
12 	 243 	 0.248774 
12 	 244 	 0.172896 
12 	 245 	 0.166824 
12 	 246 	 0.150090 
12 	 247 	 0.181899 
12 	 248 	 0.194731 
12 	 249 	 0.161583 
12 	 250 	 0.181204 
12 	 251 	 0.167569 
12 	 252 	 0.171526 
12 	 253 	 0.152514 
12 	 254 	 0.206651 
12 	 255 	 0.215135 
13 	 0 	 0.232646 
13 	 1 	 0.147127 
13 	 2 	 0.146902 
13 	 3 	 0.127025 
13 	 4 	 0.161394 
13 	 5 	 0.173325 
13 	 6 	 0.207603 
13 	 7 	 0.164999 
13 	 8 	 0.148858 
13 	 9 	 0.190393 
13 	 10 	 0.156994 
13 	 11 	 0.161974 
13 	 12 	 0.162987 
13 	 13 	 0.172306 
13 	 14 	 0.160813 
13 	 15 	 0.145758 
13 	 16 	 0.152720 
13 	 17 	 0.151205 
13 	 18 	 0.147462 
13 	 19 	 0.199271 
13 	 20 	 0.221907 
13 	 21 	 0.177151 
13 	 22 	 0.140868 
13 	 23 	 0.185585 
13 	 24 	 0.149966 
13 	 25 	 0.123786 
13 	 26 	 0.204352 
13 	 27 	 0.150959 
13 	 28 	 0.177676 
13 	 29 	 0.167308 
13 	 30 	 0.208185 
13 	 31 	 0.180411 
13 	 32 	 0.183531 
13 	 33 	 0.238965 
13 	 34 	 0.151431 
13 	 35 	 0.223066 
13 	 36 	 0.126209 
13 	 37 	 0.145951 
13 	 38 	 0.158779 
13 	 39 	 0.187305 
13 	 40 	 0.165665 
13 	 41 	 0.168873 
13 	 42 	 0.140325 
13 	 43 	 0.226510 
13 	 44 	 0.197996 
13 	 45 	 0.200726 
13 	 46 	 0.171871 
13 	 47 	 0.214291 
13 	 48 	 0.138288 
13 	 49 	 0.174347 
13 	 50 	 0.175917 
13 	 51 	 0.135176 
13 	 52 	 0.178167 
13 	 53 	 0.126225 
13 	 54 	 0.165454 
13 	 55 	 0.189232 
13 	 56 	 0.151253 
13 	 57 	 0.143365 
13 	 58 	 0.153852 
13 	 59 	 0.136177 
13 	 60 	 0.132152 
13 	 61 	 0.168259 
13 	 62 	 0.177460 
13 	 63 	 0.178718 
13 	 64 	 0.195079 
13 	 65 	 0.240141 
13 	 66 	 0.166747 
13 	 67 	 0.159124 
13 	 68 	 0.148048 
13 	 69 	 0.223072 
13 	 70 	 0.147336 
13 	 71 	 0.148859 
13 	 72 	 0.149086 
13 	 73 	 0.125795 
13 	 74 	 0.177007 
13 	 75 	 0.195348 
13 	 76 	 0.141781 
13 	 77 	 0.182586 
13 	 78 	 0.157972 
13 	 79 	 0.267339 
13 	 80 	 0.189314 
13 	 81 	 0.184785 
13 	 82 	 0.239114 
13 	 83 	 0.156570 
13 	 84 	 0.164954 
13 	 85 	 0.163800 
13 	 86 	 0.170078 
13 	 87 	 0.128248 
13 	 88 	 0.252674 
13 	 89 	 0.132695 
13 	 90 	 0.149674 
13 	 91 	 0.173240 
13 	 92 	 0.208683 
13 	 93 	 0.154451 
13 	 94 	 0.222050 
13 	 95 	 0.212830 
13 	 96 	 0.183751 
13 	 97 	 0.149854 
13 	 98 	 0.216838 
13 	 99 	 0.140432 
13 	 100 	 0.140148 
13 	 101 	 0.207813 
13 	 102 	 0.138083 
13 	 103 	 0.150964 
13 	 104 	 0.147931 
13 	 105 	 0.171806 
13 	 106 	 0.167660 
13 	 107 	 0.198560 
13 	 108 	 0.136280 
13 	 109 	 0.135223 
13 	 110 	 0.176148 
13 	 111 	 0.181021 
13 	 112 	 0.206808 
13 	 113 	 0.140548 
13 	 114 	 0.151288 
13 	 115 	 0.198082 
13 	 116 	 0.204330 
13 	 117 	 0.220281 
13 	 118 	 0.231645 
13 	 119 	 0.159539 
13 	 120 	 0.181946 
13 	 121 	 0.155164 
13 	 122 	 0.175197 
13 	 123 	 0.200379 
13 	 124 	 0.133331 
13 	 125 	 0.153739 
13 	 126 	 0.139859 
13 	 127 	 0.181123 
13 	 128 	 0.126607 
13 	 129 	 0.238453 
13 	 130 	 0.170172 
13 	 131 	 0.173704 
13 	 132 	 0.214257 
13 	 133 	 0.194053 
13 	 134 	 0.179000 
13 	 135 	 0.160867 
13 	 136 	 0.252127 
13 	 137 	 0.171492 
13 	 138 	 0.249227 
13 	 139 	 0.167288 
13 	 140 	 0.171296 
13 	 141 	 0.206497 
13 	 142 	 0.189497 
13 	 143 	 0.161371 
13 	 144 	 0.215316 
13 	 145 	 0.182072 
13 	 146 	 0.180091 
13 	 147 	 0.121408 
13 	 148 	 0.162001 
13 	 149 	 0.206364 
13 	 150 	 0.193685 
13 	 151 	 0.162088 
13 	 152 	 0.191266 
13 	 153 	 0.166943 
13 	 154 	 0.160274 
13 	 155 	 0.124853 
13 	 156 	 0.238864 
13 	 157 	 0.152198 
13 	 158 	 0.154061 
13 	 159 	 0.113120 
13 	 160 	 0.159997 
13 	 161 	 0.139462 
13 	 162 	 0.166501 
13 	 163 	 0.133019 
13 	 164 	 0.103829 
13 	 165 	 0.153757 
13 	 166 	 0.221940 
13 	 167 	 0.227006 
13 	 168 	 0.155637 
13 	 169 	 0.154192 
13 	 170 	 0.149728 
13 	 171 	 0.217315 
13 	 172 	 0.169526 
13 	 173 	 0.200211 
13 	 174 	 0.137429 
13 	 175 	 0.176035 
13 	 176 	 0.196679 
13 	 177 	 0.179292 
13 	 178 	 0.218950 
13 	 179 	 0.185513 
13 	 180 	 0.172067 
13 	 181 	 0.250517 
13 	 182 	 0.186647 
13 	 183 	 0.262931 
13 	 184 	 0.197004 
13 	 185 	 0.146712 
13 	 186 	 0.232751 
13 	 187 	 0.165501 
13 	 188 	 0.165878 
13 	 189 	 0.174388 
13 	 190 	 0.194332 
13 	 191 	 0.165288 
13 	 192 	 0.225975 
13 	 193 	 0.253373 
13 	 194 	 0.189664 
13 	 195 	 0.145825 
13 	 196 	 0.135573 
13 	 197 	 0.169552 
13 	 198 	 0.132414 
13 	 199 	 0.115159 
13 	 200 	 0.202180 
13 	 201 	 0.185853 
13 	 202 	 0.153542 
13 	 203 	 0.203295 
13 	 204 	 0.232402 
13 	 205 	 0.173482 
13 	 206 	 0.189208 
13 	 207 	 0.165289 
13 	 208 	 0.172732 
13 	 209 	 0.146271 
13 	 210 	 0.230688 
13 	 211 	 0.157130 
13 	 212 	 0.197201 
13 	 213 	 0.169804 
13 	 214 	 0.237107 
13 	 215 	 0.200335 
13 	 216 	 0.208590 
13 	 217 	 0.166525 
13 	 218 	 0.162160 
13 	 219 	 0.248297 
13 	 220 	 0.679133 
13 	 221 	 0.751569 
13 	 222 	 0.210941 
13 	 223 	 0.130939 
13 	 224 	 0.164826 
13 	 225 	 0.161496 
13 	 226 	 0.223322 
13 	 227 	 0.272876 
13 	 228 	 0.168361 
13 	 229 	 0.139465 
13 	 230 	 0.192842 
13 	 231 	 0.239628 
13 	 232 	 0.200922 
13 	 233 	 0.187968 
13 	 234 	 0.166362 
13 	 235 	 0.168390 
13 	 236 	 0.184032 
13 	 237 	 0.155344 
13 	 238 	 0.248621 
13 	 239 	 0.181135 
13 	 240 	 0.160920 
13 	 241 	 0.154974 
13 	 242 	 0.205735 
13 	 243 	 0.159038 
13 	 244 	 0.166190 
13 	 245 	 0.175907 
13 	 246 	 0.168864 
13 	 247 	 0.151344 
13 	 248 	 0.153434 
13 	 249 	 0.186626 
13 	 250 	 0.156207 
13 	 251 	 0.200508 
13 	 252 	 0.222420 
13 	 253 	 0.186755 
13 	 254 	 0.170016 
13 	 255 	 0.119235 
14 	 0 	 0.235581 
14 	 1 	 0.177085 
14 	 2 	 0.169222 
14 	 3 	 0.176059 
14 	 4 	 0.184558 
14 	 5 	 0.151700 
14 	 6 	 0.157979 
14 	 7 	 0.152437 
14 	 8 	 0.152286 
14 	 9 	 0.179547 
14 	 10 	 0.175321 
14 	 11 	 0.161508 
14 	 12 	 0.181143 
14 	 13 	 0.161753 
14 	 14 	 0.145490 
14 	 15 	 0.171899 
14 	 16 	 0.148660 
14 	 17 	 0.163930 
14 	 18 	 0.143842 
14 	 19 	 0.196543 
14 	 20 	 0.165640 
14 	 21 	 0.144525 
14 	 22 	 0.176217 
14 	 23 	 0.124398 
14 	 24 	 0.178506 
14 	 25 	 0.157155 
14 	 26 	 0.183330 
14 	 27 	 0.225895 
14 	 28 	 0.187564 
14 	 29 	 0.136801 
14 	 30 	 0.193729 
14 	 31 	 0.169533 
14 	 32 	 0.158674 
14 	 33 	 0.169462 
14 	 34 	 0.169830 
14 	 35 	 0.177932 
14 	 36 	 0.172430 
14 	 37 	 0.198442 
14 	 38 	 0.196651 
14 	 39 	 0.154904 
14 	 40 	 0.215229 
14 	 41 	 0.203557 
14 	 42 	 0.135997 
14 	 43 	 0.142093 
14 	 44 	 0.171883 
14 	 45 	 0.207894 
14 	 46 	 0.165756 
14 	 47 	 0.129166 
14 	 48 	 0.155919 
14 	 49 	 0.204824 
14 	 50 	 0.156279 
14 	 51 	 0.160063 
14 	 52 	 0.185768 
14 	 53 	 0.171697 
14 	 54 	 0.197329 
14 	 55 	 0.169991 
14 	 56 	 0.181606 
14 	 57 	 0.172346 
14 	 58 	 0.180560 
14 	 59 	 0.173474 
14 	 60 	 0.175607 
14 	 61 	 0.143351 
14 	 62 	 0.196722 
14 	 63 	 0.200825 
14 	 64 	 0.190195 
14 	 65 	 0.164219 
14 	 66 	 0.131409 
14 	 67 	 0.147802 
14 	 68 	 0.162398 
14 	 69 	 0.170256 
14 	 70 	 0.157692 
14 	 71 	 0.155979 
14 	 72 	 0.172141 
14 	 73 	 0.157077 
14 	 74 	 0.128340 
14 	 75 	 0.128691 
14 	 76 	 0.153605 
14 	 77 	 0.142789 
14 	 78 	 0.176467 
14 	 79 	 0.146451 
14 	 80 	 0.230928 
14 	 81 	 0.180841 
14 	 82 	 0.154202 
14 	 83 	 0.187731 
14 	 84 	 0.147095 
14 	 85 	 0.158611 
14 	 86 	 0.173195 
14 	 87 	 0.152194 
14 	 88 	 0.185853 
14 	 89 	 0.157389 
14 	 90 	 0.164865 
14 	 91 	 0.157889 
14 	 92 	 0.166791 
14 	 93 	 0.157866 
14 	 94 	 0.176576 
14 	 95 	 0.130857 
14 	 96 	 0.126723 
14 	 97 	 0.141614 
14 	 98 	 0.166126 
14 	 99 	 0.151712 
14 	 100 	 0.174561 
14 	 101 	 0.170898 
14 	 102 	 0.163351 
14 	 103 	 0.151044 
14 	 104 	 0.122154 
14 	 105 	 0.201134 
14 	 106 	 0.144288 
14 	 107 	 0.154765 
14 	 108 	 0.235553 
14 	 109 	 0.185678 
14 	 110 	 0.156732 
14 	 111 	 0.189107 
14 	 112 	 0.168558 
14 	 113 	 0.162658 
14 	 114 	 0.228665 
14 	 115 	 0.158747 
14 	 116 	 0.145447 
14 	 117 	 0.160858 
14 	 118 	 0.128073 
14 	 119 	 0.194994 
14 	 120 	 0.166016 
14 	 121 	 0.143649 
14 	 122 	 0.166982 
14 	 123 	 0.146839 
14 	 124 	 0.231022 
14 	 125 	 0.175963 
14 	 126 	 0.228848 
14 	 127 	 0.157165 
14 	 128 	 0.165376 
14 	 129 	 0.156886 
14 	 130 	 0.170704 
14 	 131 	 0.226057 
14 	 132 	 0.164434 
14 	 133 	 0.197246 
14 	 134 	 0.149468 
14 	 135 	 0.253102 
14 	 136 	 0.138683 
14 	 137 	 0.237424 
14 	 138 	 0.144693 
14 	 139 	 0.189023 
14 	 140 	 0.157588 
14 	 141 	 0.150437 
14 	 142 	 0.199342 
14 	 143 	 0.171775 
14 	 144 	 0.209309 
14 	 145 	 0.132250 
14 	 146 	 0.214209 
14 	 147 	 0.186625 
14 	 148 	 0.165366 
14 	 149 	 0.152453 
14 	 150 	 0.145953 
14 	 151 	 0.130078 
14 	 152 	 0.180061 
14 	 153 	 0.173692 
14 	 154 	 0.181698 
14 	 155 	 0.181554 
14 	 156 	 0.188471 
14 	 157 	 0.142727 
14 	 158 	 0.149706 
14 	 159 	 0.190912 
14 	 160 	 0.135125 
14 	 161 	 0.166397 
14 	 162 	 0.165528 
14 	 163 	 0.267493 
14 	 164 	 0.157333 
14 	 165 	 0.211692 
14 	 166 	 0.143052 
14 	 167 	 0.221498 
14 	 168 	 0.142844 
14 	 169 	 0.223363 
14 	 170 	 0.144914 
14 	 171 	 0.167703 
14 	 172 	 0.148927 
14 	 173 	 0.275612 
14 	 174 	 0.133640 
14 	 175 	 0.236152 
14 	 176 	 0.192775 
14 	 177 	 0.177584 
14 	 178 	 0.124759 
14 	 179 	 0.141293 
14 	 180 	 0.155331 
14 	 181 	 0.206420 
14 	 182 	 0.193351 
14 	 183 	 0.148057 
14 	 184 	 0.167536 
14 	 185 	 0.189480 
14 	 186 	 0.171507 
14 	 187 	 0.138133 
14 	 188 	 0.155001 
14 	 189 	 0.169716 
14 	 190 	 0.175184 
14 	 191 	 0.145953 
14 	 192 	 0.131581 
14 	 193 	 0.172184 
14 	 194 	 0.172841 
14 	 195 	 0.107114 
14 	 196 	 0.146606 
14 	 197 	 0.152962 
14 	 198 	 0.154396 
14 	 199 	 0.170290 
14 	 200 	 0.209790 
14 	 201 	 0.243939 
14 	 202 	 0.139756 
14 	 203 	 0.207637 
14 	 204 	 0.143965 
14 	 205 	 0.213474 
14 	 206 	 0.158859 
14 	 207 	 0.145085 
14 	 208 	 0.221788 
14 	 209 	 0.265988 
14 	 210 	 0.112207 
14 	 211 	 0.198961 
14 	 212 	 0.225581 
14 	 213 	 0.180000 
14 	 214 	 0.207288 
14 	 215 	 0.139683 
14 	 216 	 0.192566 
14 	 217 	 0.232737 
14 	 218 	 0.200976 
14 	 219 	 0.205193 
14 	 220 	 0.174060 
14 	 221 	 0.211477 
14 	 222 	 0.231991 
14 	 223 	 0.223671 
14 	 224 	 0.166719 
14 	 225 	 0.195234 
14 	 226 	 0.158818 
14 	 227 	 0.223165 
14 	 228 	 0.256641 
14 	 229 	 0.282594 
14 	 230 	 0.191988 
14 	 231 	 0.186611 
14 	 232 	 0.180967 
14 	 233 	 0.184355 
14 	 234 	 0.172286 
14 	 235 	 0.166411 
14 	 236 	 0.165334 
14 	 237 	 0.187024 
14 	 238 	 0.684281 
14 	 239 	 0.671533 
14 	 240 	 0.164969 
14 	 241 	 0.145876 
14 	 242 	 0.269514 
14 	 243 	 0.204908 
14 	 244 	 0.245717 
14 	 245 	 0.259392 
14 	 246 	 0.140521 
14 	 247 	 0.154159 
14 	 248 	 0.201080 
14 	 249 	 0.216444 
14 	 250 	 0.135004 
14 	 251 	 0.238925 
14 	 252 	 0.178213 
14 	 253 	 0.149842 
14 	 254 	 0.188388 
14 	 255 	 0.237226 
15 	 0 	 0.173771 
15 	 1 	 0.188934 
15 	 2 	 0.167639 
15 	 3 	 0.161349 
15 	 4 	 0.140297 
15 	 5 	 0.165238 
15 	 6 	 0.127414 
15 	 7 	 0.169159 
15 	 8 	 0.183150 
15 	 9 	 0.143834 
15 	 10 	 0.258249 
15 	 11 	 0.176391 
15 	 12 	 0.140365 
15 	 13 	 0.147517 
15 	 14 	 0.246704 
15 	 15 	 0.196040 
15 	 16 	 0.169102 
15 	 17 	 0.188293 
15 	 18 	 0.213815 
15 	 19 	 0.229380 
15 	 20 	 0.180403 
15 	 21 	 0.195001 
15 	 22 	 0.201498 
15 	 23 	 0.145267 
15 	 24 	 0.204643 
15 	 25 	 0.160100 
15 	 26 	 0.150318 
15 	 27 	 0.156997 
15 	 28 	 0.154349 
15 	 29 	 0.131297 
15 	 30 	 0.121780 
15 	 31 	 0.164999 
15 	 32 	 0.271922 
15 	 33 	 0.124642 
15 	 34 	 0.158474 
15 	 35 	 0.139095 
15 	 36 	 0.194231 
15 	 37 	 0.159250 
15 	 38 	 0.161969 
15 	 39 	 0.147483 
15 	 40 	 0.230153 
15 	 41 	 0.199543 
15 	 42 	 0.171991 
15 	 43 	 0.171091 
15 	 44 	 0.197804 
15 	 45 	 0.136851 
15 	 46 	 0.154706 
15 	 47 	 0.160167 
15 	 48 	 0.172702 
15 	 49 	 0.176196 
15 	 50 	 0.132146 
15 	 51 	 0.141401 
15 	 52 	 0.238336 
15 	 53 	 0.232356 
15 	 54 	 0.154810 
15 	 55 	 0.146045 
15 	 56 	 0.182189 
15 	 57 	 0.141396 
15 	 58 	 0.125807 
15 	 59 	 0.166896 
15 	 60 	 0.138514 
15 	 61 	 0.163023 
15 	 62 	 0.168428 
15 	 63 	 0.149580 
15 	 64 	 0.184420 
15 	 65 	 0.168762 
15 	 66 	 0.216077 
15 	 67 	 0.164625 
15 	 68 	 0.141066 
15 	 69 	 0.159160 
15 	 70 	 0.150449 
15 	 71 	 0.212136 
15 	 72 	 0.174439 
15 	 73 	 0.273430 
15 	 74 	 0.230866 
15 	 75 	 0.194194 
15 	 76 	 0.212134 
15 	 77 	 0.163400 
15 	 78 	 0.183851 
15 	 79 	 0.217368 
15 	 80 	 0.183623 
15 	 81 	 0.169196 
15 	 82 	 0.138033 
15 	 83 	 0.135291 
15 	 84 	 0.133076 
15 	 85 	 0.164740 
15 	 86 	 0.151148 
15 	 87 	 0.175433 
15 	 88 	 0.257921 
15 	 89 	 0.182954 
15 	 90 	 0.176023 
15 	 91 	 0.159562 
15 	 92 	 0.178161 
15 	 93 	 0.151157 
15 	 94 	 0.189798 
15 	 95 	 0.135121 
15 	 96 	 0.140061 
15 	 97 	 0.138810 
15 	 98 	 0.171978 
15 	 99 	 0.266534 
15 	 100 	 0.187698 
15 	 101 	 0.134231 
15 	 102 	 0.188064 
15 	 103 	 0.158119 
15 	 104 	 0.160591 
15 	 105 	 0.156905 
15 	 106 	 0.157155 
15 	 107 	 0.220565 
15 	 108 	 0.152019 
15 	 109 	 0.227383 
15 	 110 	 0.200262 
15 	 111 	 0.198915 
15 	 112 	 0.194644 
15 	 113 	 0.196111 
15 	 114 	 0.211679 
15 	 115 	 0.156045 
15 	 116 	 0.131755 
15 	 117 	 0.129415 
15 	 118 	 0.160777 
15 	 119 	 0.147377 
15 	 120 	 0.162031 
15 	 121 	 0.137619 
15 	 122 	 0.168322 
15 	 123 	 0.189031 
15 	 124 	 0.272800 
15 	 125 	 0.202887 
15 	 126 	 0.172924 
15 	 127 	 0.165880 
15 	 128 	 0.147743 
15 	 129 	 0.156268 
15 	 130 	 0.151864 
15 	 131 	 0.154030 
15 	 132 	 0.141400 
15 	 133 	 0.188004 
15 	 134 	 0.155752 
15 	 135 	 0.208936 
15 	 136 	 0.160312 
15 	 137 	 0.197083 
15 	 138 	 0.162110 
15 	 139 	 0.165107 
15 	 140 	 0.192579 
15 	 141 	 0.217351 
15 	 142 	 0.177264 
15 	 143 	 0.280332 
15 	 144 	 0.135594 
15 	 145 	 0.152599 
15 	 146 	 0.184078 
15 	 147 	 0.206901 
15 	 148 	 0.209697 
15 	 149 	 0.170402 
15 	 150 	 0.245353 
15 	 151 	 0.210852 
15 	 152 	 0.163376 
15 	 153 	 0.170770 
15 	 154 	 0.207268 
15 	 155 	 0.170598 
15 	 156 	 0.196253 
15 	 157 	 0.169413 
15 	 158 	 0.126958 
15 	 159 	 0.128149 
15 	 160 	 0.153845 
15 	 161 	 0.147691 
15 	 162 	 0.210488 
15 	 163 	 0.177406 
15 	 164 	 0.146029 
15 	 165 	 0.130878 
15 	 166 	 0.169602 
15 	 167 	 0.145567 
15 	 168 	 0.197308 
15 	 169 	 0.198075 
15 	 170 	 0.191174 
15 	 171 	 0.140359 
15 	 172 	 0.161376 
15 	 173 	 0.277626 
15 	 174 	 0.145419 
15 	 175 	 0.159801 
15 	 176 	 0.265050 
15 	 177 	 0.196149 
15 	 178 	 0.234640 
15 	 179 	 0.154412 
15 	 180 	 0.249790 
15 	 181 	 0.172931 
15 	 182 	 0.236909 
15 	 183 	 0.160127 
15 	 184 	 0.166963 
15 	 185 	 0.181339 
15 	 186 	 0.160568 
15 	 187 	 0.209674 
15 	 188 	 0.158877 
15 	 189 	 0.169062 
15 	 190 	 0.152175 
15 	 191 	 0.127133 
15 	 192 	 0.183435 
15 	 193 	 0.211707 
15 	 194 	 0.228138 
15 	 195 	 0.148641 
15 	 196 	 0.182273 
15 	 197 	 0.158762 
15 	 198 	 0.133971 
15 	 199 	 0.144110 
15 	 200 	 0.186458 
15 	 201 	 0.161379 
15 	 202 	 0.177221 
15 	 203 	 0.139124 
15 	 204 	 0.225671 
15 	 205 	 0.187646 
15 	 206 	 0.147834 
15 	 207 	 0.187956 
15 	 208 	 0.153699 
15 	 209 	 0.159211 
15 	 210 	 0.118365 
15 	 211 	 0.225893 
15 	 212 	 0.184715 
15 	 213 	 0.193607 
15 	 214 	 0.123889 
15 	 215 	 0.186721 
15 	 216 	 0.176840 
15 	 217 	 0.207124 
15 	 218 	 0.171255 
15 	 219 	 0.196865 
15 	 220 	 0.171532 
15 	 221 	 0.147199 
15 	 222 	 0.181738 
15 	 223 	 0.187056 
15 	 224 	 0.167240 
15 	 225 	 0.162786 
15 	 226 	 0.193712 
15 	 227 	 0.179495 
15 	 228 	 0.166692 
15 	 229 	 0.175526 
15 	 230 	 0.153101 
15 	 231 	 0.170463 
15 	 232 	 0.244251 
15 	 233 	 0.245561 
15 	 234 	 0.205424 
15 	 235 	 0.179725 
15 	 236 	 0.233391 
15 	 237 	 0.215138 
15 	 238 	 0.202977 
15 	 239 	 0.243989 
15 	 240 	 0.168371 
15 	 241 	 0.162739 
15 	 242 	 0.198112 
15 	 243 	 0.142377 
15 	 244 	 0.186962 
15 	 245 	 0.254360 
15 	 246 	 0.176884 
15 	 247 	 0.157049 
15 	 248 	 0.186106 
15 	 249 	 0.173853 
15 	 250 	 0.204515 
15 	 251 	 0.164856 
15 	 252 	 0.170300 
15 	 253 	 0.162426 
15 	 254 	 0.673835 
15 	 255 	 0.734086 
